timestamp,slam_x,slam_y,slam_z,gt_x,gt_y,gt_z
1752862664.6498497,0.0,0.0,0.0,0.0,0.0,0.6636520028114319
1752862664.7102182,1.1248274859099183e-05,-2.730286360019818e-05,0.00010639856191119179,0.0,0.0,0.6636520028114319
1752862664.7721026,1.8259655917063355e-05,-7.746091432636604e-05,0.0002605179906822741,0.0,0.0,0.6636520028114319
1752862664.8343792,-3.1644769478589296e-05,1.8748849015537417e-06,-9.459787543164566e-05,0.0,0.0,0.6636520028114319
1752862664.8965018,-1.0717293662310112e-05,-6.721838417433901e-06,-7.178662781370804e-05,0.0,0.0,0.6636520028114319
1752862664.9578984,-0.00011284776701359078,-0.0002588052593637258,0.00044689589412882924,0.0,0.0,0.6636520028114319
1752862665.019942,9.425919529348903e-07,-0.0003018585848622024,6.849657802376896e-05,0.0,0.0,0.6636520028114319
1752862665.0813756,9.425919529348903e-07,-0.0003018585848622024,6.849657802376896e-05,0.0,0.0,0.6636520028114319
1752862665.1418235,-0.00013512941950466484,-0.00018359883688390255,0.00040057345177046955,0.0,0.0,0.6636520028114319
1752862665.2058666,-0.00013512941950466484,-0.00018359883688390255,0.00040057345177046955,0.0,0.0,0.6636520028114319
1752862665.2670643,-6.683226820314303e-05,-0.00027938830316998065,0.0006448409403674304,0.0,0.0,0.6636520028114319
1752862665.3297846,-0.00013459124602377415,-0.00019947510736528784,0.0004904608940705657,0.0,0.0,0.6636520028114319
1752862665.3948858,-0.00013459124602377415,-0.00019947510736528784,0.0004904608940705657,0.0,0.0,0.6636520028114319
1752862665.4565547,-8.695611904840916e-05,-0.0002184649056289345,-0.00018474111857358366,0.0,0.0,0.6636520028114319
1752862665.5187838,-9.732390026329085e-05,-0.00018506140622776002,0.00022777255799155682,0.0,0.0,0.6636520028114319
1752862665.5823333,-0.00011079175601480529,-0.00015203004295472056,0.0005033857305534184,0.0,0.0,0.6636520028114319
1752862665.6453092,-0.00011079175601480529,-0.00015203004295472056,0.0005033857305534184,0.0,0.0,0.6636520028114319
1752862665.7097642,-1.4474589988822117e-05,-0.0002283133362652734,0.0002181560848839581,0.0,0.0,0.6636520028114319
1752862665.7735574,4.5961205614730716e-06,-0.0002542801375966519,0.0005330456770025194,0.0,0.0,0.6636520028114319
1752862665.8369522,-2.9357632229221053e-05,-0.00023228440841194242,0.0004893573932349682,0.0,0.0,0.6636520028114319
1752862665.8991506,1.5164036085479893e-05,-0.00028623169055208564,0.0007382353651337326,0.0,0.0,0.6636520028114319
1752862665.961234,1.5164036085479893e-05,-0.00028623169055208564,0.0007382353651337326,0.0,0.0,0.6636520028114319
1752862666.0216432,4.760308365803212e-05,-1.3779049368167762e-05,0.0001590743486303836,0.0,0.0,0.6636520028114319
1752862666.0843472,-1.4367000403581187e-05,-2.0727831724798307e-05,-0.00018024856399279088,0.0,0.0,0.6636520028114319
1752862666.1473415,-8.89000148163177e-06,6.159522308735177e-05,-1.4948184798413422e-05,0.0,0.0,0.6636520028114319
1752862666.2087123,-8.89000148163177e-06,6.159522308735177e-05,-1.4948184798413422e-05,0.0,0.0,0.6636520028114319
1752862666.2712193,-2.4074479370028712e-05,-3.834379640466068e-06,0.000394758943002671,0.0,0.0,0.6636520028114319
1752862666.3324142,1.1949568033742253e-05,-8.520014489477035e-06,1.6623036572127603e-05,0.0,0.0,0.6636520028114319
1752862666.3958774,1.1949568033742253e-05,-8.520014489477035e-06,1.6623036572127603e-05,0.0,0.0,0.6636520028114319
1752862666.46049,-2.0992044369450014e-07,-1.5856341633480042e-05,8.85336339706555e-05,0.0,0.0,0.6636520028114319
1752862666.5222416,-2.0947381926816888e-05,1.688092561380472e-05,-0.00012044631148455665,0.0,0.0,0.6636520028114319
1752862666.584126,-2.0947381926816888e-05,1.688092561380472e-05,-0.00012044631148455665,0.0,0.0,0.6636520028114319
1752862666.6462517,-2.688899803615641e-05,-2.9738683224422857e-05,0.000350489339325577,0.0,0.0,0.6636520028114319
1752862666.7076075,2.7462892830953933e-06,-2.425645561743295e-06,-2.8299185942159966e-05,0.0,0.0,0.6636520028114319
1752862666.7687356,-3.821521022473462e-05,-6.864333045086823e-06,-0.00026520417304709554,0.0,0.0,0.6636520028114319
1752862666.8319902,-4.027358954772353e-06,5.347940532374196e-05,-6.987927008594852e-06,0.0,0.0,0.6636520028114319
1752862666.894021,-4.027358954772353e-06,5.347940532374196e-05,-6.987927008594852e-06,0.0,0.0,0.6636520028114319
1752862666.958261,-7.394832209683955e-05,3.971693149651401e-05,0.0002876398793887347,0.0,0.0,0.6636520028114319
1752862667.019889,-7.394832209683955e-05,3.971693149651401e-05,0.0002876398793887347,0.0,0.0,0.6636520028114319
1752862667.0831954,0.0,0.0,0.0,0.0,0.0,0.6636520028114319
1752862667.1440833,1.9454271750873886e-05,1.294737376156263e-05,-0.00014695487334392965,0.0,0.0,0.6636520028114319
1752862667.2063098,-6.356032827170566e-06,1.1636102499323897e-05,-0.0001571885368321091,0.0,0.0,0.6636520028114319
1752862667.2670496,4.172481112618698e-06,-8.0766194514581e-06,8.24257149361074e-05,0.0,0.0,0.6636520028114319
1752862667.3281772,-2.1247780750854872e-05,8.0774916568771e-06,1.8696291590458713e-05,0.0,0.0,0.6636520028114319
1752862667.3901157,-1.4023116818862036e-05,-7.360921244981e-06,-0.00017271896649617702,0.0,0.0,0.6636520028114319
1752862667.4512167,-1.4023116818862036e-05,-7.360921244981e-06,-0.00017271896649617702,0.0,0.0,0.6636520028114319
1752862667.513443,-5.880069124941656e-07,5.818629915665952e-07,4.461925072973827e-06,0.0,0.0,0.6636520028114319
1752862667.5750103,-1.5465973774553277e-05,-5.063738353783265e-05,-2.876057624234818e-05,0.0,0.0,0.6636520028114319
1752862667.6378074,-9.530736861051992e-06,-6.5297363107674755e-06,-2.456927359162364e-05,0.0,0.0,0.6636520028114319
1752862667.7002223,-9.530736861051992e-06,-6.5297363107674755e-06,-2.456927359162364e-05,0.0,0.0,0.6636520028114319
1752862667.7617283,3.7888951283093775e-06,2.8346268663881347e-05,-8.12400394352153e-05,0.0,0.0,0.6636520028114319
1752862667.8248026,-2.7318948923493735e-05,7.642416676389985e-06,-0.00015160482143983245,0.0,0.0,0.6636520028114319
1752862667.885737,-2.7318948923493735e-05,7.642416676389985e-06,-0.00015160482143983245,0.0,0.0,0.6636520028114319
1752862667.9486268,8.24001199362101e-06,-8.702613740751985e-06,5.319376941770315e-05,0.0,0.0,0.6636520028114319
1752862668.01022,-8.882733709469903e-06,2.0740890249726363e-05,-9.271720773540437e-05,0.0,0.0,0.6636520028114319
1752862668.0707898,-3.364731674082577e-05,-1.417236308043357e-05,-0.0001439793995814398,0.0,0.0,0.6636520028114319
1752862668.1319253,-1.5484767573070712e-05,-6.523397587443469e-06,-2.0146957467659377e-05,0.0,0.0,0.6636520028114319
1752862668.1939073,-1.5484767573070712e-05,-6.523397587443469e-06,-2.0146957467659377e-05,0.0,0.0,0.6636520028114319
1752862668.2607093,-4.64215054307715e-06,-2.3356237761618104e-06,-2.916544326581061e-05,0.0,0.0,0.6636520028114319
1752862668.3222349,-8.283795978059061e-06,1.00800127711409e-06,-1.0468800610397011e-05,0.0,0.0,0.6636520028114319
1752862668.3850815,0.00020011064771097153,2.2271078705671243e-05,0.0005861700628884137,0.0,0.0,0.6636520028114319
1752862668.446544,0.00020011064771097153,2.2271078705671243e-05,0.0005861700628884137,0.0,0.0,0.6636520028114319
1752862668.50861,-9.342949488200247e-05,-6.229020073078573e-05,-0.00019216044165659696,0.0,0.0,0.6636520028114319
1752862668.570693,-8.88018257683143e-06,-1.7527388990856707e-05,1.526989035482984e-05,0.0,0.0,0.6636520028114319
1752862668.633031,-8.88018257683143e-06,-1.7527388990856707e-05,1.526989035482984e-05,0.0,0.0,0.6636520028114319
1752862668.6998818,-1.7428041246603243e-05,1.2286353921808768e-05,-7.522604573750868e-05,0.0,0.0,0.6636520028114319
1752862668.7579226,-4.609564712154679e-05,-2.6998191970051266e-05,-0.00012226964463479817,0.0,0.0,0.6636520028114319
1752862668.8218417,-6.971103721298277e-05,-4.99979687447194e-05,9.917972784023732e-05,0.0,0.0,0.6636520028114319
1752862668.881109,-6.971103721298277e-05,-4.99979687447194e-05,9.917972784023732e-05,0.0,0.0,0.6636520028114319
1752862668.9447658,-3.60025187546853e-05,-4.655641532735899e-05,-4.3311236368026584e-05,0.0,0.0,0.6636520028114319
1752862669.0077705,-2.4529796064598486e-05,2.84566135633213e-06,-0.00011747537064366043,0.0,0.0,0.6636520028114319
1752862669.0683908,-2.0660412701545283e-05,3.5903402022086084e-05,5.567203334067017e-05,0.0,0.0,0.6636520028114319
1752862669.1321316,-2.0660412701545283e-05,3.5903402022086084e-05,5.567203334067017e-05,0.0,0.0,0.6636520028114319
1752862669.1963856,-4.239175541442819e-05,4.310655276640318e-05,-0.00011228537914576009,0.0,0.0,0.6636520028114319
1752862669.2589102,-9.170295925287064e-06,-1.8280026779393665e-05,7.693530642427504e-05,0.0,0.0,0.6636520028114319
1752862669.3200262,-3.734622441697866e-05,2.940544618468266e-06,3.11001313093584e-05,0.0,0.0,0.6636520028114319
1752862669.3827722,-3.734622441697866e-05,2.940544618468266e-06,3.11001313093584e-05,0.0,0.0,0.6636520028114319
1752862669.4459293,-4.2330942960688844e-05,-2.5998937417170964e-05,-0.00011585120228119195,0.0,0.0,0.6636520028114319
1752862669.5088947,-4.2330942960688844e-05,-2.5998937417170964e-05,-0.00011585120228119195,0.0,0.0,0.6636520028114319
1752862669.5709758,0.0,0.0,0.0,0.0,0.0,0.6636520028114319
1752862669.633027,-1.1717492270690855e-05,-2.8307302272878587e-05,0.00018728934810496867,0.0,0.0,0.6636520028114319
1752862669.6966617,0.00020189813221804798,-0.00022077657922636718,-0.0003859788994304836,0.0,0.0,0.6636520028114319
1752862669.7562876,9.374622459290549e-05,-8.081986015895382e-05,-9.83478021225892e-05,0.0,0.0,0.6636520028114319
1752862669.8178012,4.7620969780837186e-06,-1.7188131096190773e-05,-2.5399845981155522e-05,0.0,0.0,0.6636520028114319
1752862669.8807647,4.7620969780837186e-06,-1.7188131096190773e-05,-2.5399845981155522e-05,0.0,0.0,0.6636520028114319
1752862669.9427996,2.3692313334322535e-05,-3.342479976709001e-05,-1.2871430953964591e-05,0.0,0.0,0.6636520028114319
1752862670.0051665,1.0917212421190925e-05,-1.8018206901615486e-05,-8.686855289852247e-05,0.0,0.0,0.6636520028114319
1752862670.0684695,1.0917212421190925e-05,-1.8018206901615486e-05,-8.686855289852247e-05,0.0,0.0,0.6636520028114319
1752862670.1284137,-3.54977382812649e-05,-1.4611624465032946e-05,-0.00040969738620333374,0.0,0.0,0.6636520028114319
1752862670.1921053,7.96598305896623e-06,-8.741106285015121e-06,0.00011760354391299188,0.0,0.0,0.6636520028114319
1752862670.2542443,7.96598305896623e-06,-8.741106285015121e-06,0.00011760354391299188,0.0,0.0,0.6636520028114319
1752862670.3181236,-5.661986142513342e-05,6.30360227660276e-05,0.00025493098655715585,0.0,0.0,0.6636520028114319
1752862670.3810134,-5.661986142513342e-05,6.30360227660276e-05,0.00025493098655715585,0.0,0.0,0.6636520028114319
1752862670.4437308,2.605643203423824e-05,-4.656408418668434e-05,5.415034684119746e-05,0.0,0.0,0.6636520028114319
1752862670.5068538,1.4896681932441425e-05,-9.80417007667711e-06,-0.00015174249710980803,0.0,0.0,0.6636520028114319
1752862670.5696106,1.4896681932441425e-05,-9.80417007667711e-06,-0.00015174249710980803,0.0,0.0,0.6636520028114319
1752862670.6309407,-1.5082129721122328e-05,1.3667219718627166e-05,-0.00016384276386816055,0.0,0.0,0.6636520028114319
1752862670.6964548,1.8174992874264717e-05,-2.673318886081688e-05,-2.7662184947985224e-05,0.0,0.0,0.6636520028114319
1752862670.7571611,1.8366273479841766e-07,-1.575027454236988e-05,-6.976165605010465e-05,0.0,0.0,0.6636520028114319
1752862670.8190267,1.8366273479841766e-07,-1.575027454236988e-05,-6.976165605010465e-05,0.0,0.0,0.6636520028114319
1752862670.8814113,-3.5807504900731146e-05,-2.3764599973219447e-05,-0.0003385451273061335,0.0,0.0,0.6636520028114319
1752862670.94569,-2.830875473591732e-06,4.059476850670762e-06,-3.83406768378336e-05,0.0,0.0,0.6636520028114319
1752862671.0068853,-5.120035712025128e-05,5.817137207486667e-05,0.00029105687281116843,0.0,0.0,0.6636520028114319
1752862671.0690773,0.00011453699698904529,-4.7206329327309504e-05,0.0005031761829741299,0.0,0.0,0.6636520028114319
1752862671.133018,0.00011453699698904529,-4.7206329327309504e-05,0.0005031761829741299,0.0,0.0,0.6636520028114319
1752862671.1938012,0.0001782315957825631,6.270319136092439e-05,0.00023708707885816693,0.0,0.0,0.6636520028114319
1752862671.2578003,-1.1942821402044501e-05,1.620734292373527e-05,-0.00012071654782630503,0.0,0.0,0.6636520028114319
1752862671.320106,4.29518440796528e-05,-3.494743214105256e-05,0.0001139025844167918,0.0,0.0,0.6636520028114319
1752862671.3815765,5.054708890384063e-05,4.738029747386463e-05,-0.0002606794296298176,0.0,0.0,0.6636520028114319
1752862671.4418817,5.054708890384063e-05,4.738029747386463e-05,-0.0002606794296298176,0.0,0.0,0.6636520028114319
1752862671.5045514,-2.3109218091121875e-05,4.0893726691138e-05,-0.0005075588705949485,0.0,0.0,0.6636520028114319
1752862671.5650516,-4.4108951442467514e-06,1.6104087990242988e-05,-8.579003042541444e-05,0.0,0.0,0.6636520028114319
1752862671.6287332,-4.4108951442467514e-06,1.6104087990242988e-05,-8.579003042541444e-05,0.0,0.0,0.6636520028114319
1752862671.6900105,-2.056758057733532e-05,0.00012825182056985795,7.74333457229659e-05,0.0,0.0,0.663529098033905
1752862671.752899,5.7515288062859327e-05,3.4765431337291375e-05,-0.00016933352162595838,0.0,0.0,0.6543681025505066
1752862671.8157592,0.0005726993549615145,-0.00038380359183065593,0.002461671829223633,0.0,0.0,0.6283482313156128
1752862671.8771853,0.0005726993549615145,-0.00038380359183065593,0.002461671829223633,0.0,0.0,0.6030319929122925
1752862671.9426937,0.00026640374562703073,-0.00010072061559185386,0.0010391261894255877,0.0,0.0,0.576707124710083
1752862672.0035675,-0.0021937014535069466,0.0033926789183169603,0.0006995212170295417,0.0,0.0,0.548606812953949
1752862672.0645168,0.00011562329746084288,-9.807572496356443e-05,0.0013604220002889633,0.0,0.0,0.5215863585472107
1752862672.1253386,-0.0012518884614109993,0.0012725333217531443,-0.004449903033673763,0.0,0.0,0.49710166454315186
1752862672.1882405,-0.0012518884614109993,0.0012725333217531443,-0.004449903033673763,0.0,0.0,0.46973395347595215
1752862672.2515085,0.002746491925790906,0.004154419992119074,0.007674376014620066,0.0,0.0,0.44220930337905884
1752862672.3145342,0.010300757363438606,0.005255411844700575,0.019500205293297768,0.0,0.0,0.41869843006134033
1752862672.3790026,0.010300757363438606,0.005255411844700575,0.019500205293297768,0.0,0.0,0.3881247639656067
1752862672.4432821,0.01712648756802082,0.00645430525764823,0.01883457787334919,0.0,0.0,0.36019501090049744
1752862672.503718,0.01712648756802082,0.00645430525764823,0.01883457787334919,0.0,0.0,0.3363600969314575
1752862672.567638,-0.01151986699551344,-0.13962745666503906,0.00457138242200017,0.0,0.0,0.3124433159828186
1752862672.6265976,-0.015520126558840275,-0.16777946054935455,0.0033906467724591494,0.0,0.0,0.2856215834617615
1752862672.690009,0.010138068348169327,-0.21886387467384338,-0.002457599388435483,0.0,0.0,0.25587114691734314
1752862672.7554286,0.010138068348169327,-0.21886387467384338,-0.002457599388435483,0.0,0.0,0.22886475920677185
1752862672.8137498,0.03288254141807556,-0.2493693232536316,0.0016226341249421239,0.0,0.0,0.20035119354724884
1752862672.8740067,0.01926255412399769,-0.2693172097206116,-0.009828349575400352,0.0,0.0,0.17175506055355072
1752862672.936117,0.01926255412399769,-0.2693172097206116,-0.009828349575400352,0.0,0.0,0.14451703429222107
1752862673.000147,0.022115111351013184,-0.2964911460876465,-0.007203820627182722,0.0,0.0,0.11289671063423157
1752862673.0616324,0.022115111351013184,-0.2964911460876465,-0.007203820627182722,0.0,0.0,0.08696439862251282
1752862673.1227798,0.013915512710809708,-0.3258450925350189,-0.0014398318016901612,0.0,0.0,0.05664502829313278
1752862673.1850362,0.01881374418735504,-0.35278069972991943,0.0015036794357001781,0.0,0.0,0.029156608507037163
1752862673.2488427,0.016249611973762512,-0.37601035833358765,-0.006004643626511097,0.0,0.0,-0.0027348899748176336
1752862673.3111546,0.01706063188612461,-0.39781084656715393,-0.0033182466868311167,0.0,0.0,-0.031781863421201706
1752862673.3732398,0.01706063188612461,-0.39781084656715393,-0.0033182466868311167,0.0,0.0,-0.06087751314043999
1752862673.4370744,0.017001356929540634,-0.4257616400718689,-0.007409386802464724,0.0,0.0,-0.08856064826250076
1752862673.50056,0.01822688989341259,-0.4532245993614197,-0.006606125272810459,0.0,0.0,-0.11482247710227966
1752862673.5608838,0.01752738282084465,-0.47653132677078247,-0.004676908254623413,0.0,0.0,-0.145502507686615
1752862673.623161,0.01752738282084465,-0.47653132677078247,-0.004676908254623413,0.0,0.0,-0.17622405290603638
1752862673.686996,0.020527170971035957,-0.5071550011634827,-0.0031477271113544703,0.0,0.0,-0.20551881194114685
1752862673.7514555,0.020809438079595566,-0.5375480055809021,0.0003218853962607682,0.0,0.0,-0.23631376028060913
1752862673.8102765,0.020809438079595566,-0.5375480055809021,0.0003218853962607682,0.0,0.0,-0.26420512795448303
1752862673.8735409,0.019707728177309036,-0.5651143193244934,-0.0033742503728717566,0.0,0.0,-0.2935926616191864
1752862673.9333491,0.017616428434848785,-0.5966982245445251,-0.011487733572721481,0.0,0.0,-0.3244785964488983
1752862673.9942455,0.017616428434848785,-0.5966982245445251,-0.011487733572721481,0.0,0.0,-0.35539236664772034
1752862674.0589688,0.02178674004971981,-0.6211338043212891,0.00011687451478792354,0.0,0.0,-0.38338446617126465
1752862674.1199415,0.02516992948949337,-0.6527729034423828,0.002097007818520069,0.0,0.0,-0.41582125425338745
1752862674.1822944,0.02816973440349102,-0.6308190822601318,-0.0003380571724846959,0.0,0.0,-0.44385504722595215
1752862674.2434807,0.02816973440349102,-0.6308190822601318,-0.0003380571724846959,0.0,0.0,-0.4733831584453583
1752862674.3068867,0.035151563584804535,-0.6067754030227661,0.009358454495668411,0.0,0.0,-0.5044071078300476
1752862674.3698597,0.03540555760264397,-0.6302607655525208,0.008360909298062325,0.0,0.0,-0.5295355916023254
1752862674.4320722,0.03540555760264397,-0.6302607655525208,0.008360909298062325,0.0,0.0,-0.5650305151939392
1752862674.4938457,0.034392982721328735,-0.6593355536460876,0.00499051995575428,0.0,0.0,-0.5946260094642639
1752862674.5571618,0.028844663873314857,-0.6868605613708496,0.005457269959151745,0.0,0.0,-0.6257161498069763
1752862674.6183212,0.008846716955304146,-0.7557679414749146,0.0019439629977568984,0.0,0.0,-0.6523762345314026
1752862674.6802146,0.013200921937823296,-0.7832748889923096,0.0007055198075249791,0.0,0.0,-0.6834921836853027
1752862674.7430098,0.013200921937823296,-0.7832748889923096,0.0007055198075249791,0.0,0.0,-0.7116554975509644
1752862674.8068187,0.013199063017964363,-0.8067400455474854,0.008375722914934158,0.0,0.0,-0.7427946329116821
1752862674.8707001,0.013545668683946133,-0.8302626609802246,-0.003593701170757413,0.0,0.0,-0.7739447355270386
1752862674.9331565,0.009687555953860283,-0.8512340188026428,0.004862586967647076,0.0,0.0,-0.8051052093505859
1752862674.9957209,0.009687555953860283,-0.8512340188026428,0.004862586967647076,0.0,0.0,-0.8347907662391663
1752862675.060413,0.01412521954625845,-0.88168865442276,0.0029816071037203074,0.0,0.0,-0.8646050691604614
1752862675.1225355,0.009623424150049686,-0.9120002388954163,-0.0022513840813189745,0.0,0.0,-0.8761749863624573
1752862675.1850848,0.013354775495827198,-0.9290457963943481,-0.0025589298456907272,0.0,0.0,-0.8779577612876892
1752862675.250678,0.013354775495827198,-0.9290457963943481,-0.0025589298456907272,0.0,0.0,-0.876909077167511
1752862675.3133411,0.0133139006793499,-0.9290194511413574,-0.0006804346339777112,0.0,0.0,-0.8737376928329468
1752862675.3733225,0.013284596614539623,-0.9292165637016296,-0.002289032796397805,0.0,0.0,-0.8689428567886353
1752862675.4375732,0.013284596614539623,-0.9292165637016296,-0.002289032796397805,0.0,0.0,-0.8644050359725952
1752862675.4978209,6.9270681706257164e-06,-0.9273991584777832,0.000777358072809875,0.0,0.0,-0.8605991005897522
1752862675.5610325,-9.069802217709366e-06,-0.9277619123458862,0.0012422187719494104,0.0,0.0,-0.8570584654808044
1752862675.6243606,-0.00024404426221735775,-0.927631139755249,-0.0005322233191691339,0.00035181103157810867,9.85745095575738e-15,-0.8533438444137573
1752862675.687191,-0.00024404426221735775,-0.927631139755249,-0.0005322233191691339,0.0026693050749599934,1.7537016218545365e-13,-0.8518779277801514
1752862675.7469182,0.0003265302220825106,-0.9158610701560974,0.008651256561279297,0.008597013540565968,1.0079907828558499e-12,-0.8534628748893738
1752862675.8101523,-0.007504591718316078,-0.9221869707107544,-0.1608632206916809,0.01950797066092491,3.4644450936510696e-12,-0.8576260209083557
1752862675.870628,-0.007504591718316078,-0.9221869707107544,-0.1608632206916809,0.03384632617235184,7.912209949723081e-12,-0.8625839948654175
1752862675.9341865,0.015603955835103989,-0.8997113108634949,-0.0617266520857811,0.05034676566720009,1.4274988309470604e-11,-0.8673696517944336
1752862675.9986753,0.022023210301995277,-0.9014641046524048,-0.042339347302913666,0.0768033117055893,2.6571866235114427e-11,-0.8734717965126038
1752862676.0587828,0.022023210301995277,-0.9014641046524048,-0.042339347302913666,0.1010923683643341,3.9610623808750134e-11,-0.8778480887413025
1752862676.1204453,0.023829849436879158,-0.9075576066970825,-0.006323940120637417,0.13379590213298798,5.913924905343038e-11,-0.8824450969696045
1752862676.1829278,0.022779522463679314,-0.9169715642929077,0.0824069008231163,0.16687734425067902,8.054890088260436e-11,-0.8860095143318176
1752862676.2446318,0.022779522463679314,-0.9169715642929077,0.0824069008231163,0.21174746751785278,1.1120337289893811e-10,-0.8896165490150452
1752862676.3082957,0.014267520047724247,-0.9248440861701965,0.18748542666435242,0.2588523030281067,1.442369279569533e-10,-0.8923290967941284
1752862676.368854,0.021521028131246567,-0.9260364770889282,0.28577399253845215,0.2973651885986328,1.7116125183846975e-10,-0.8939574360847473
1752862676.4291236,0.021521028131246567,-0.9260364770889282,0.28577399253845215,0.3537760376930237,2.0937745981441935e-10,-0.8956470489501953
1752862676.4921453,0.020451636984944344,-0.925968587398529,0.4079958498477936,0.40829145908355713,2.437984536474147e-10,-0.8967040777206421
1752862676.5539424,0.015031492337584496,-0.9263386726379395,0.5043255686759949,0.46565139293670654,2.7608196284667486e-10,-0.8973743915557861
1752862676.6169922,0.016890890896320343,-0.93772292137146,0.6009578108787537,0.5195288062095642,3.016220051499374e-10,-0.8976975679397583
1752862676.6785896,0.016890890896320343,-0.93772292137146,0.6009578108787537,0.5880538821220398,3.2579958175738e-10,-0.897794246673584
1752862676.7422414,0.005571765825152397,-0.939720630645752,0.7222052812576294,0.6527020931243896,3.383858748762236e-10,-0.8976496458053589
1752862676.8054783,0.009316230192780495,-0.9481934309005737,0.8467069268226624,0.7160246968269348,3.3939570598384705e-10,-0.8973481059074402
1752862676.8682182,0.006449803244322538,-0.9474806189537048,0.9632089138031006,0.7845277190208435,3.259869318927855e-10,-0.8968929052352905
1752862676.9304671,0.006449803244322538,-0.9474806189537048,0.9632089138031006,0.8583293557167053,2.9241731258622394e-10,-0.896297037601471
1752862676.992475,0.0021984726190567017,-0.9539803862571716,1.0817204713821411,0.9229919910430908,2.4482502136713435e-10,-0.8957128524780273
1752862677.053014,-4.4342541514197364e-05,-0.9520014524459839,1.2676571607589722,0.9999340772628784,1.6379400613608652e-10,-0.8949681520462036
1752862677.1165485,-4.4342541514197364e-05,-0.9520014524459839,1.2676571607589722,1.0745940208435059,5.7536361092180854e-11,-0.8942139148712158
1752862677.1803617,-0.002767437370494008,-0.9535130262374878,1.4625405073165894,1.1581404209136963,-9.640144238431958e-11,-0.8933514952659607
1752862677.241176,0.00978152547031641,-0.9481657147407532,1.6377602815628052,1.2197606563568115,-2.3532001347525977e-10,-0.8927116990089417
1752862677.3037064,0.00978152547031641,-0.9481657147407532,1.6377602815628052,1.3016445636749268,-4.554825405733709e-10,-0.8918651342391968
1752862677.3668377,0.0060778167098760605,-0.945375382900238,1.8086519241333008,1.3885523080825806,-7.363462062315307e-10,-0.8909790515899658
1752862677.4301739,0.007381812669336796,-0.9463657140731812,1.973270297050476,1.4644546508789062,-1.0238927483641191e-09,-0.8902207016944885
1752862677.4900167,0.007854687981307507,-0.9487051963806152,2.1542344093322754,1.5451258420944214,-1.375197178354881e-09,-0.8894340395927429
1752862677.5528471,0.007854687981307507,-0.9487051963806152,2.1542344093322754,1.630612850189209,-1.801619742280991e-09,-0.8886245489120483
1752862677.6181233,0.0022520546335726976,-0.9569905996322632,2.3379225730895996,1.7127100229263306,-2.266298482211937e-09,-0.8878724575042725
1752862677.677072,0.002907376503571868,-0.963306188583374,2.489854574203491,1.7912654876708984,-2.763993034449186e-09,-0.8871766328811646
1752862677.7434008,0.002907376503571868,-0.963306188583374,2.489854574203491,1.8703244924545288,-3.3196305704308315e-09,-0.8865001201629639
1752862677.8031976,-0.007209848612546921,-0.9639723300933838,2.65636944770813,1.9456499814987183,-3.902275391709509e-09,-0.8858779072761536
1752862677.8649435,-0.007088033948093653,-0.9695351719856262,2.8445816040039062,2.025575876235962,-4.579634449441983e-09,-0.8852409720420837
1752862677.9252648,-0.007088033948093653,-0.9695351719856262,2.8445816040039062,2.118610143661499,-5.447977624584155e-09,-0.8845293521881104
1752862677.9884095,-0.009900393895804882,-0.9681598544120789,3.0264298915863037,2.203601837158203,-6.319547551925098e-09,-0.8839061260223389
1752862678.0509443,-0.0023714276030659676,-0.9727111458778381,3.2171523571014404,2.2889552116394043,-7.27316251669663e-09,-0.8833053112030029
1752862678.1114247,-0.0023714276030659676,-0.9727111458778381,3.2171523571014404,2.366056442260742,-8.204589896365633e-09,-0.8827833533287048
1752862678.1743066,-0.005632566288113594,-0.9742099046707153,3.4310145378112793,2.4563181400299072,-9.382537413671344e-09,-0.8821961879730225
1752862678.237036,-0.006793434731662273,-0.9742379784584045,3.5964512825012207,2.542567729949951,-1.0599429778324065e-08,-0.8816580772399902
1752862678.3013525,-0.006793434731662273,-0.9742379784584045,3.5964512825012207,2.620410442352295,-1.1776929653706247e-08,-0.8811907768249512
1752862678.3635151,-6.635981117142364e-05,-0.9796019196510315,3.759148359298706,2.7158076763153076,-1.3325893277738032e-08,-0.8806406855583191
1752862678.4254632,-0.0030394052155315876,-0.9804638028144836,3.942310094833374,2.8027560710906982,-1.4842568951678459e-08,-0.8801596760749817
1752862678.4871776,-0.0036018239334225655,-0.9872172474861145,4.14376163482666,2.889899730682373,-1.646624347984016e-08,-0.8796961307525635
1752862678.550884,-0.0036018239334225655,-0.9872172474861145,4.14376163482666,2.972850799560547,-1.811103622628707e-08,-0.8792710900306702
1752862678.6106038,-0.0017339017940685153,-0.9901354312896729,4.3382887840271,3.0647048950195312,-2.004857613258082e-08,-0.8788177967071533
1752862678.6739058,0.00011799702770076692,-0.9904381632804871,4.541799068450928,3.1523377895355225,-2.2014148726157146e-08,-0.8784016370773315
1752862678.7415493,0.00011799702770076692,-0.9904381632804871,4.541799068450928,3.235715627670288,-2.399332288405276e-08,-0.8780193328857422
1752862678.797851,-0.0006969074020162225,-0.9902724027633667,4.71746301651001,3.323603391647339,-2.619769112754966e-08,-0.8776299357414246
1752862678.8594341,-0.002544942544773221,-0.9920234680175781,4.91575288772583,3.4116060733795166,-2.852951297427353e-08,-0.8772532343864441
1752862678.9212952,-0.002544942544773221,-0.9920234680175781,4.91575288772583,3.4997127056121826,-3.0992140409580315e-08,-0.8768883943557739
1752862678.9821653,-0.0010244156001135707,-0.9894295930862427,5.077794075012207,3.5879156589508057,-3.3588925418825966e-08,-0.8765351176261902
1752862679.0469203,-0.0018029424827545881,-0.993186891078949,5.2442626953125,3.6717894077301025,-3.6183131157940807e-08,-0.8762093186378479
1752862679.1057308,0.0008199482690542936,-0.9936929941177368,5.409992218017578,3.74247670173645,-3.8466030360950754e-08,-0.875942051410675
1752862679.1700597,-0.001891140709631145,-0.9993280172348022,5.596182346343994,3.839749574661255,-4.1755082946792754e-08,-0.8755844831466675
1752862679.2305186,-0.001891140709631145,-0.9993280172348022,5.596182346343994,3.928250551223755,-4.489922034167648e-08,-0.8752689361572266
1752862679.2955482,-0.0038627455942332745,-0.9986639022827148,5.746224880218506,4.021243572235107,-4.836222444737359e-08,-0.874946653842926
1752862679.3567278,-0.005563759244978428,-0.9954120516777039,5.960813522338867,4.092138290405273,-5.111416001568614e-08,-0.8747069239616394
1752862679.420126,-0.005563759244978428,-0.9954120516777039,5.960813522338867,4.189672470092773,-5.5061637027620236e-08,-0.8743851780891418
1752862679.480154,-0.0025430682580918074,-0.9991611242294312,6.108526706695557,4.273953437805176,-5.86262558499584e-08,-0.8741142153739929
1752862679.540839,-0.0025430682580918074,-0.9991611242294312,6.108526706695557,4.367151737213135,-6.273724295624561e-08,-0.8738216161727905
1752862679.6033485,-0.0022143227979540825,-0.9985241293907166,6.3051910400390625,4.455953121185303,-6.682284237058411e-08,-0.873549222946167
1752862679.6667156,-0.001182112842798233,-1.0004324913024902,6.546617031097412,4.5447916984558105,-7.107796307082026e-08,-0.8732826709747314
1752862679.7275794,-0.0025061899796128273,-1.002609133720398,6.743994235992432,4.629218578338623,-7.528028334036208e-08,-0.8730345964431763
1752862679.7911074,-0.0025061899796128273,-1.002609133720398,6.743994235992432,4.722564697265625,-8.01096717850669e-08,-0.8727657198905945
1752862679.8553252,-0.0031565462704747915,-1.0047863721847534,6.9345703125,4.807047367095947,-8.464921563700045e-08,-0.872527003288269
1752862679.9177413,-0.0029520737007260323,-1.0052263736724854,7.143744468688965,4.900449752807617,-8.985808364059267e-08,-0.8722679018974304
1752862679.9793031,-0.0029520737007260323,-1.0052263736724854,7.143744468688965,4.99387788772583,-9.527156663580172e-08,-0.8720134496688843
1752862680.0406342,-0.004147144965827465,-1.0073293447494507,7.346317768096924,5.082879066467285,-1.0062091604368106e-07,-0.8717750906944275
1752862680.1039221,-0.005432997830212116,-1.010330080986023,7.548582077026367,5.171899795532227,-1.0616246726158352e-07,-0.8715404868125916
1752862680.1686046,-0.005432997830212116,-1.010330080986023,7.548582077026367,5.2653913497924805,-1.1219144369079004e-07,-0.8712978959083557
1752862680.233027,-0.004701029974967241,-1.011047124862671,7.754225730895996,5.349993705749512,-1.1783492226413728e-07,-0.8710814714431763
1752862680.2944903,-0.0032184815499931574,-1.0115766525268555,7.947810649871826,5.439063549041748,-1.2397218540627364e-07,-0.870856523513794
1752862680.3569646,-0.0032184815499931574,-1.0115766525268555,7.947810649871826,5.5281476974487305,-1.3031443302224943e-07,-0.8706346154212952
1752862680.4180763,0.0012451480142772198,-1.0123416185379028,8.158230781555176,5.61724328994751,-1.3686478439467464e-07,-0.8704152703285217
1752862680.4802802,0.0012451480142772198,-1.0123416185379028,8.158230781555176,5.697440147399902,-1.4294063532815926e-07,-0.8702200055122375
1752862680.5424385,0.0011095692170783877,-1.0136563777923584,8.378959655761719,5.791013240814209,-1.5020150101463514e-07,-0.869994580745697
1752862680.6057467,-0.0015228381380438805,-1.0175213813781738,8.570868492126465,5.88014030456543,-1.5709483136561175e-07,-0.8697820901870728
1752862680.6805608,-0.0015228381380438805,-1.0175213813781738,8.570868492126465,5.951448440551758,-1.6244214862126682e-07,-0.8696136474609375
1752862680.7463806,-0.0005652224062941968,-1.01791250705719,8.809558868408203,6.040590286254883,-1.6873779884463147e-07,-0.8694047331809998
1752862680.8087847,-0.0005652224062941968,-1.01791250705719,8.809558868408203,6.116366863250732,-1.7369211491313763e-07,-0.869228720664978
1752862680.8700929,0.0022276064846664667,-1.0184409618377686,8.954083442687988,6.205523490905762,-1.790769204035314e-07,-0.8690232038497925
1752862680.9330106,0.0020884722471237183,-1.0204249620437622,9.139426231384277,6.294684410095215,-1.8401162549253058e-07,-0.8688192367553711
1752862680.995285,0.0016115836333483458,-1.0206199884414673,9.327439308166504,6.374935626983643,-1.880939066722931e-07,-0.8686371445655823
1752862681.0578685,0.0010356620186939836,-1.0225756168365479,9.490801811218262,6.473025321960449,-1.9265605999407853e-07,-0.8684160709381104
1752862681.1212475,0.0010356620186939836,-1.0225756168365479,9.490801811218262,6.566662311553955,-1.9660822658806865e-07,-0.8682064414024353
1752862681.1828403,0.0018011491047218442,-1.0232023000717163,9.66150951385498,6.651385307312012,-1.9987585631042748e-07,-0.8680180907249451
1752862681.2462282,0.0027030776254832745,-1.0253626108169556,9.876053810119629,6.73611307144165,-2.028785388574761e-07,-0.8678306937217712
1752862681.3070884,0.0027030776254832745,-1.0253626108169556,9.876053810119629,6.834219932556152,-2.0605951078778162e-07,-0.8676150441169739
1752862681.3756704,0.002376907505095005,-1.023987889289856,10.075882911682129,6.92787504196167,-2.0883625495571323e-07,-0.8674102425575256
1752862681.4407654,0.002376907505095005,-1.023987889289856,10.075882911682129,6.972474098205566,-2.1008006001466129e-07,-0.8673131465911865
1752862681.494516,0.0027272773440927267,-1.0244327783584595,10.274080276489258,7.030452251434326,-2.116299668841748e-07,-0.8671872615814209
1752862681.5573266,0.0038852260913699865,-1.0259281396865845,10.40955924987793,7.115189552307129,-2.1377545067480241e-07,-0.8670037388801575
1752862681.6188447,0.0034332629293203354,-1.027341365814209,10.570701599121094,7.19993257522583,-2.158026575216354e-07,-0.8668213486671448
1752862681.6835425,0.0034332629293203354,-1.027341365814209,10.570701599121094,7.298059940338135,-2.1803742811243865e-07,-0.8666107654571533
1752862681.7452278,0.0022177582141011953,-1.0288000106811523,10.77486515045166,7.382806777954102,-2.199008122261148e-07,-0.8664295673370361
1752862681.8062356,0.003740046638995409,-1.0308222770690918,10.981048583984375,7.458631992340088,-2.2153874112973426e-07,-0.8662680387496948
1752862681.867677,0.003740046638995409,-1.0308222770690918,10.981048583984375,7.556759357452393,-2.2364969254340394e-07,-0.8660595417022705
1752862681.931674,0.004843508824706078,-1.0315364599227905,11.160782814025879,7.654897212982178,-2.257893072510342e-07,-0.8658521175384521
1752862681.9913561,0.004196105059236288,-1.0323731899261475,11.32838249206543,7.739652633666992,-2.276920980648356e-07,-0.8656731843948364
1752862682.0546694,0.005343134514987469,-1.032391905784607,11.50728702545166,7.815486431121826,-2.2946092315123678e-07,-0.8655135631561279
1752862682.1168327,0.005343134514987469,-1.032391905784607,11.50728702545166,7.909162998199463,-2.3176201580099587e-07,-0.8653170466423035
1752862682.1840773,0.0027310617733746767,-1.033695936203003,11.701630592346191,7.998379230499268,-2.3410373728438572e-07,-0.8651298880577087
1752862682.2394893,0.0034344529267400503,-1.0355405807495117,11.892051696777344,8.092066764831543,-2.3675505644860095e-07,-0.8649346828460693
1752862682.3013859,0.002318175043910742,-1.0350522994995117,12.0670166015625,8.181292533874512,-2.39496102949488e-07,-0.8647486567497253
1752862682.365952,0.002318175043910742,-1.0350522994995117,12.0670166015625,8.27051830291748,-2.424796434752352e-07,-0.8645627498626709
1752862682.4261296,0.0040511563420295715,-1.0371217727661133,12.267176628112793,8.35974407196045,-2.4573691348450666e-07,-0.8643779754638672
1752862682.4895816,0.0045037418603897095,-1.0408084392547607,12.473406791687012,8.448969841003418,-2.492991768576758e-07,-0.8641932010650635
1752862682.552939,0.0033335741609334946,-1.04060959815979,12.626670837402344,8.538195610046387,-2.5319772589682543e-07,-0.864008367061615
1752862682.6152906,0.0033335741609334946,-1.04060959815979,12.626670837402344,8.622960090637207,-2.5724131091919844e-07,-0.8638330698013306
1752862682.6760385,0.004063435830175877,-1.0391420125961304,12.83473014831543,8.712185859680176,-2.618855603486736e-07,-0.8636494874954224
1752862682.7378552,0.005475298501551151,-1.0408201217651367,12.995055198669434,8.805872917175293,-2.672069854270376e-07,-0.8634567260742188
1752862682.800491,0.005475298501551151,-1.0408201217651367,12.995055198669434,8.886176109313965,-2.720813370160613e-07,-0.8632914423942566
1752862682.8619542,0.003913282882422209,-1.0423024892807007,13.19615364074707,8.975401878356934,-2.777603356207692e-07,-0.8631079196929932
1752862682.9259365,0.004565971437841654,-1.0443522930145264,13.354756355285645,9.055705070495605,-2.830430219091795e-07,-0.862942636013031
1752862682.9891446,0.004565971437841654,-1.0443522930145264,13.354756355285645,9.162775993347168,-2.902335154431057e-07,-0.8627237677574158
1752862683.0514393,0.004170634783804417,-1.0446230173110962,13.564276695251465,9.247540473937988,-2.959604898933321e-07,-0.8625504970550537
1752862683.114666,0.0034714676439762115,-1.0455594062805176,13.765122413635254,9.341227531433105,-3.0223444014154666e-07,-0.8623589873313904
1752862683.1747384,0.0038511233869940042,-1.0463603734970093,13.940123558044434,9.425992012023926,-3.077842336551839e-07,-0.8621857166290283
1752862683.2364724,0.0038511233869940042,-1.0463603734970093,13.940123558044434,9.51075553894043,-3.1314152693084907e-07,-0.8620124459266663
1752862683.2982929,0.0027412117924541235,-1.0464262962341309,14.127467155456543,9.599982261657715,-3.18495835927024e-07,-0.8618300557136536
1752862683.3588831,0.003627534955739975,-1.0484870672225952,14.333539009094238,9.689207077026367,-3.234779342164984e-07,-0.8616476058959961
1752862683.4230206,0.003627534955739975,-1.0484870672225952,14.333539009094238,9.778433799743652,-3.280061946497881e-07,-0.8614656925201416
1752862683.4906998,0.0026586202438920736,-1.0465855598449707,14.530404090881348,9.867658615112305,-3.3199924587279384e-07,-0.8612844944000244
1752862683.5516162,0.003230069996789098,-1.0493433475494385,14.697834014892578,9.961346626281738,-3.355266926519107e-07,-0.8610941767692566
1752862683.6149812,0.0036598520819097757,-1.0477709770202637,14.867757797241211,10.04164981842041,-3.379483928256377e-07,-0.8609311580657959
1752862683.6769552,0.0036598520819097757,-1.0477709770202637,14.867757797241211,10.139798164367676,-3.4019655004158267e-07,-0.8607317805290222
1752862683.742492,0.005184355191886425,-1.0490480661392212,15.048590660095215,10.229023933410645,-3.4165287843279657e-07,-0.860550582408905
1752862683.804253,0.004752843175083399,-1.0499082803726196,15.239524841308594,10.300403594970703,-3.4247605640302936e-07,-0.8604056239128113
1752862683.8675847,0.0027383947744965553,-1.0516362190246582,15.442606925964355,10.403013229370117,-3.4322368946959614e-07,-0.8601973056793213
1752862683.9310443,0.0027383947744965553,-1.0516362190246582,15.442606925964355,10.483317375183105,-3.4352706279605627e-07,-0.8600342273712158
1752862683.9969718,0.004998473450541496,-1.0521880388259888,15.635319709777832,10.568081855773926,-3.436558984049043e-07,-0.8598620295524597
1752862684.0551429,0.004998473450541496,-1.0521880388259888,15.635319709777832,10.652846336364746,-3.436619806507224e-07,-0.8596899509429932
1752862684.1214614,0.003807070665061474,-1.0512123107910156,15.780930519104004,10.737610816955566,-3.436203996898257e-07,-0.8595178127288818
1752862684.1803367,0.004637492820620537,-1.0515706539154053,15.985954284667969,10.835759162902832,-3.4361153211648343e-07,-0.8593184351921082
1752862684.2447467,0.0045233191922307014,-1.0527245998382568,16.179384231567383,10.916061401367188,-3.437130260408594e-07,-0.8591554164886475
1752862684.305757,0.0045233191922307014,-1.0527245998382568,16.179384231567383,11.018671989440918,-3.440935927301325e-07,-0.8589470386505127
1752862684.3741865,0.0036606835201382637,-1.0543832778930664,16.355241775512695,11.107897758483887,-3.4474902577130706e-07,-0.8587658405303955
1752862684.4309585,0.005606367718428373,-1.0538674592971802,16.561054229736328,11.192662239074707,-3.457350885582855e-07,-0.8585945963859558
1752862684.493294,0.005606367718428373,-1.0538674592971802,16.561054229736328,11.286348342895508,-3.4732880749288597e-07,-0.858405590057373
1752862684.5547695,0.005234308075159788,-1.0550607442855835,16.773231506347656,11.371112823486328,-3.4930832271129475e-07,-0.8582345247268677
1752862684.6187415,0.004530135076493025,-1.0557448863983154,16.9301815032959,11.460339546203613,-3.5195893133277423e-07,-0.8580545783042908
1752862684.6780381,0.0058432649821043015,-1.059194564819336,17.090410232543945,11.540642738342285,-3.5469528825160523e-07,-0.8578925728797913
1752862684.743165,0.0058432649821043015,-1.059194564819336,17.090410232543945,11.634329795837402,-3.583503200843552e-07,-0.8577035069465637
1752862684.8049695,0.004385143052786589,-1.0589449405670166,17.298107147216797,11.723555564880371,-3.6224147947905294e-07,-0.8575235605239868
1752862684.8695269,0.0021654991433024406,-1.0578973293304443,17.47408676147461,11.812780380249023,-3.6675479009318224e-07,-0.8573434948921204
1752862684.9304338,0.002999747870489955,-1.0585229396820068,17.65461540222168,11.906468391418457,-3.725974409007904e-07,-0.8571545481681824
1752862684.9932446,0.002999747870489955,-1.0585229396820068,17.65461540222168,11.991232872009277,-3.7914708173047984e-07,-0.8569835424423218
1752862685.0564191,0.004173066932708025,-1.0593265295028687,17.81985855102539,12.075997352600098,-3.866549036501965e-07,-0.8568124771118164
1752862685.1187935,0.0024838733952492476,-1.0611194372177124,18.06210708618164,12.174145698547363,-3.9609111013305665e-07,-0.8566145300865173
1752862685.1803806,0.0024838733952492476,-1.0611194372177124,18.06210708618164,12.258909225463867,-4.0470791873303824e-07,-0.8564435243606567
1752862685.2463124,0.002722197212278843,-1.0619697570800781,18.270057678222656,12.3525972366333,-4.145551599776809e-07,-0.8562544584274292
1752862685.3026376,0.004308843519538641,-1.0604065656661987,18.425640106201172,12.446284294128418,-4.245558784532477e-07,-0.8560655117034912
1752862685.3663633,0.005126604810357094,-1.0625675916671753,18.591081619262695,12.526586532592773,-4.3310419073350204e-07,-0.8559034466743469
1752862685.4270935,0.005126604810357094,-1.0625675916671753,18.591081619262695,12.61135196685791,-4.4196258386364207e-07,-0.8557325005531311
1752862685.4913673,0.004359725397080183,-1.0617568492889404,18.783519744873047,12.713960647583008,-4.522586323219002e-07,-0.8555254936218262
1752862685.5532644,0.004074872937053442,-1.0622045993804932,18.95876121520996,12.798725128173828,-4.602424610311573e-07,-0.8553544282913208
1752862685.6153939,0.0029045050032436848,-1.0630731582641602,19.15404510498047,12.883489608764648,-4.676021490013227e-07,-0.855183482170105
1752862685.6785107,0.0029045050032436848,-1.0630731582641602,19.15404510498047,12.963793754577637,-4.738705570161983e-07,-0.8550214767456055
1752862685.7414606,0.0029004502575844526,-1.0637532472610474,19.320693969726562,13.061942100524902,-4.805528419637994e-07,-0.8548234105110168
1752862685.803794,0.0029004502575844526,-1.0637532472610474,19.320693969726562,13.151167869567871,-4.857699877902633e-07,-0.8546434640884399
1752862685.866241,0.0032764936331659555,-1.0648908615112305,19.513002395629883,13.235932350158691,-4.897347025689669e-07,-0.8544723987579346
1752862685.9289517,0.003808695124462247,-1.0658247470855713,19.72216796875,13.329618453979492,-4.926409360450634e-07,-0.8542834520339966
1752862685.9911358,0.0038907486014068127,-1.0671842098236084,19.921140670776367,13.400999069213867,-4.936366053698293e-07,-0.8541394472122192
1752862686.0505803,0.0038907486014068127,-1.0671842098236084,19.921140670776367,13.4946870803833,-4.936052278026182e-07,-0.8539503812789917
1752862686.1159158,0.0035521225072443485,-1.068138837814331,20.076343536376953,13.583911895751953,-4.923886649521592e-07,-0.8537704348564148
1752862686.1764941,0.00423484155908227,-1.0664430856704712,20.243616104125977,13.673137664794922,-4.901896772935288e-07,-0.8535903692245483
1752862686.2386506,0.00423484155908227,-1.0664430856704712,20.243616104125977,13.748980522155762,-4.876761749983416e-07,-0.8534374237060547
1752862686.300929,0.004376143682748079,-1.068235993385315,20.424219131469727,13.842666625976562,-4.839200187234383e-07,-0.8532484173774719
1752862686.3682024,0.005085400305688381,-1.069203495979309,20.60093116760254,13.949738502502441,-4.789857825926447e-07,-0.8530323505401611
1752862686.4275587,0.008558775298297405,-1.068903923034668,20.772085189819336,14.034502983093262,-4.747817285988276e-07,-0.8528614044189453
1752862686.492422,0.007846362888813019,-1.0705888271331787,20.979942321777344,14.110344886779785,-4.7092862587305717e-07,-0.8527083992958069
1752862686.5537894,0.005737834610044956,-1.0716403722763062,21.137582778930664,14.217415809631348,-4.655009888665518e-07,-0.8524923324584961
1752862686.6148038,0.005737834610044956,-1.0716403722763062,21.137582778930664,14.302180290222168,-4.6123622610139137e-07,-0.8523213863372803
1752862686.6789992,0.0022724238224327564,-1.0740623474121094,21.309314727783203,14.391406059265137,-4.567806399791152e-07,-0.8521413803100586
1752862686.7393653,0.003639166709035635,-1.074999451637268,21.475688934326172,14.471708297729492,-4.5280253857526986e-07,-0.8519793748855591
1752862686.8016572,0.003639166709035635,-1.074999451637268,21.475688934326172,14.569856643676758,-4.479847746097221e-07,-0.8517813682556152
1752862686.8637173,0.00448896549642086,-1.0740137100219727,21.66969871520996,14.663544654846191,-4.4343505578581244e-07,-0.8515923023223877
1752862686.9278116,0.0039057882968336344,-1.0753686428070068,21.864749908447266,14.734925270080566,-4.4000267962474027e-07,-0.8514483571052551
1752862686.991004,0.0041469731368124485,-1.075777292251587,22.034286499023438,14.83753490447998,-4.3512383740562655e-07,-0.8512413501739502
1752862687.0530963,0.0041469731368124485,-1.075777292251587,22.034286499023438,14.913375854492188,-4.3156180140613287e-07,-0.851088285446167
1752862687.1135387,0.0050583491101861,-1.0740879774093628,22.192625045776367,15.002602577209473,-4.274219804756285e-07,-0.8509083390235901
1752862687.1748083,0.005257903598248959,-1.0758757591247559,22.35126304626465,15.091828346252441,-4.2333994088039617e-07,-0.8507282733917236
1752862687.2393506,0.005385881289839745,-1.0772641897201538,22.518230438232422,15.176592826843262,-4.1951807361328974e-07,-0.8505573272705078
1752862687.29905,0.005943965632468462,-1.080270767211914,22.675722122192383,15.26581859588623,-4.1555702523510263e-07,-0.8503773212432861
1752862687.3629723,0.005943965632468462,-1.080270767211914,22.675722122192383,15.355043411254883,-4.1166236997014494e-07,-0.8501972556114197
1752862687.4226565,0.006727045401930809,-1.078803300857544,22.891677856445312,15.444270133972168,-4.0783709209790686e-07,-0.8500173091888428
1752862687.48586,0.00855916365981102,-1.0790022611618042,23.085973739624023,15.533495903015137,-4.0408423274129746e-07,-0.8498373031616211
1752862687.5488734,0.007972423918545246,-1.0805554389953613,23.24030876159668,15.618260383605957,-4.005886751201615e-07,-0.8496662974357605
1752862687.6105561,0.007972423918545246,-1.0805554389953613,23.24030876159668,15.703024864196777,-3.971634612298658e-07,-0.8494952917098999
1752862687.672699,0.006574345752596855,-1.0816067457199097,23.41710662841797,15.792250633239746,-3.9363686710203183e-07,-0.8493152260780334
1752862687.7359908,0.007045545615255833,-1.0809162855148315,23.57074546813965,15.885936737060547,-3.9002398466436716e-07,-0.8491262793540955
1752862687.7968664,0.007045545615255833,-1.0809162855148315,23.57074546813965,15.970701217651367,-3.868373710247397e-07,-0.8489552736282349
1752862687.8588889,0.007432536222040653,-1.0836290121078491,23.77492332458496,16.064390182495117,-3.834091728549538e-07,-0.8487662076950073
1752862687.9205565,0.008438874036073685,-1.0845837593078613,23.931533813476562,16.149154663085938,-3.803951926784066e-07,-0.8485952615737915
1752862687.987538,0.006159303244203329,-1.0848274230957031,24.14415740966797,16.238380432128906,-3.773153878228186e-07,-0.848415195941925
1752862688.0455549,0.006159303244203329,-1.0848274230957031,24.14415740966797,16.318683624267578,-3.746272909666004e-07,-0.8482532501220703
1752862688.1073723,0.005644019227474928,-1.0847357511520386,24.305402755737305,16.407909393310547,-3.717360073096643e-07,-0.8480732440948486
1752862688.1673582,0.006784860510379076,-1.083930492401123,24.492637634277344,16.492673873901367,-3.6908517131450935e-07,-0.8479021787643433
1752862688.2306519,0.006784860510379076,-1.083930492401123,24.492637634277344,16.590822219848633,-3.6613383258554677e-07,-0.8477042317390442
1752862688.2939632,0.00793506857007742,-1.086029291152954,24.698530197143555,16.6800479888916,-3.6348674825603666e-07,-0.8475242257118225
1752862688.3569558,0.00793506857007742,-1.086029291152954,24.698530197143555,16.77373504638672,-3.605380527460511e-07,-0.847335159778595
1752862688.417247,0.009625864215195179,-1.0884802341461182,24.889354705810547,16.85403823852539,-3.577049199066096e-07,-0.8471732139587402
1752862688.4813905,0.009754183702170849,-1.08861243724823,25.09567642211914,16.947725296020508,-3.5387520824770036e-07,-0.8469841480255127
1752862688.5422504,0.0080450139939785,-1.0877512693405151,25.274133682250977,17.032489776611328,-3.4999192166651483e-07,-0.8468132019042969
1752862688.604887,0.0080450139939785,-1.0877512693405151,25.274133682250977,17.126176834106445,-3.4512180491219624e-07,-0.8466241955757141
1752862688.6718698,0.01439592894166708,-1.0900934934616089,25.502479553222656,17.215402603149414,-3.3947961242120073e-07,-0.8464441299438477
1752862688.7327092,0.014010192826390266,-1.090233564376831,25.69123649597168,17.304628372192383,-3.326431965433585e-07,-0.8462641835212708
1752862688.7934506,0.011719723232090473,-1.0912386178970337,25.87066650390625,17.39385414123535,-3.251077771437849e-07,-0.8460841774940491
1752862688.8547835,0.011719723232090473,-1.0912386178970337,25.87066650390625,17.48307991027832,-3.174597793531575e-07,-0.8459041118621826
1752862688.9180787,0.006211655680090189,-1.092892050743103,26.06604766845703,17.57230567932129,-3.094543217230239e-07,-0.8457241654396057
1752862688.9804225,0.00871227402240038,-1.0935311317443848,26.26854133605957,17.665992736816406,-3.0061627853683603e-07,-0.8455350995063782
1752862689.0420551,0.00871227402240038,-1.0935311317443848,26.26854133605957,17.728450775146484,-2.946152903859911e-07,-0.8454091548919678
1752862689.1049635,0.008702664636075497,-1.0963256359100342,26.47016716003418,17.839982986450195,-2.833226062648464e-07,-0.8451841473579407
1752862689.1634257,0.0027099621947854757,-1.0941509008407593,26.679006576538086,17.924747467041016,-2.746326970282098e-07,-0.8450130820274353
1752862689.2270517,0.0027099621947854757,-1.0941509008407593,26.679006576538086,18.018434524536133,-2.6474177161617263e-07,-0.8448241353034973
1752862689.2888916,0.0013143481919541955,-1.0999590158462524,26.87201499938965,18.1076602935791,-2.5493321231806476e-07,-0.8446441292762756
1752862689.3508031,0.006684468127787113,-1.0969579219818115,27.046491622924805,18.179040908813477,-2.469346043199039e-07,-0.8445001244544983
1752862689.411177,0.006684468127787113,-1.0969579219818115,27.046491622924805,18.277189254760742,-2.3611499955222826e-07,-0.8443021178245544
1752862689.4742506,0.0033730610739439726,-1.0997110605239868,27.236042022705078,18.375337600708008,-2.2559764545349026e-07,-0.8441040515899658
1752862689.536595,0.005266332533210516,-1.100421667098999,27.472057342529297,18.460102081298828,-2.1695400675980636e-07,-0.84393310546875
1752862689.6024983,0.005266332533210516,-1.100421667098999,27.472057342529297,18.549327850341797,-2.0865961403160327e-07,-0.8437530994415283
1752862689.6637614,0.0060080415569245815,-1.1032400131225586,27.676958084106445,18.638553619384766,-2.0155320612502692e-07,-0.8435730338096619
1752862689.726808,0.005230513866990805,-1.101980209350586,27.869287490844727,18.732240676879883,-1.9577421994654287e-07,-0.8433840870857239
1752862689.7903602,0.005230513866990805,-1.101980209350586,27.869287490844727,18.812543869018555,-1.925115071799155e-07,-0.8432220220565796
1752862689.8537056,0.004721431061625481,-1.1031309366226196,28.076711654663086,18.906230926513672,-1.9105560511434305e-07,-0.8430330753326416
1752862689.9133158,0.0053872596472501755,-1.1070219278335571,28.26087760925293,18.982072830200195,-1.9200442125111294e-07,-0.8428800702095032
1752862689.9775891,0.0053872596472501755,-1.1070219278335571,28.26087760925293,19.089143753051758,-1.966155593891017e-07,-0.8426640033721924
1752862690.0416746,0.005955989006906748,-1.1074151992797852,28.43413734436035,19.173908233642578,-2.022477474383777e-07,-0.8424930572509766
1752862690.1081119,0.004908479284495115,-1.1079981327056885,28.645803451538086,19.25421142578125,-2.084176315975128e-07,-0.842331051826477
1752862690.16559,0.004908479284495115,-1.1079981327056885,28.645803451538086,19.31220817565918,-2.1298932040281215e-07,-0.842214047908783
1752862690.2289448,0.0055772121995687485,-1.108633041381836,28.823270797729492,19.39251136779785,-2.1895149870942987e-07,-0.8420520424842834
1752862690.29256,0.00505743408575654,-1.1107622385025024,28.94193458557129,19.48619842529297,-2.2454504744473525e-07,-0.8418629765510559
1752862690.3549988,0.00505743408575654,-1.1107622385025024,28.94193458557129,19.56650161743164,-2.2750229788925935e-07,-0.8417010307312012
1752862690.4157622,0.004323617555201054,-1.1105499267578125,29.113502502441406,19.646669387817383,-2.2882184680383943e-07,-0.8416550755500793
1752862690.4775162,0.004707348998636007,-1.111759066581726,29.27409553527832,19.73404884338379,-2.2888937678544607e-07,-0.8440238833427429
1752862690.541833,0.0028253088239580393,-1.1143518686294556,29.45256996154785,19.818103790283203,-2.2788904630033358e-07,-0.8497491478919983
1752862690.6021411,0.0028253088239580393,-1.1143518686294556,29.45256996154785,19.897939682006836,-2.2616796968577546e-07,-0.8578500151634216
1752862690.6656737,0.00032741413451731205,-1.1238535642623901,29.640689849853516,19.969501495361328,-2.2413273370602838e-07,-0.8666935563087463
1752862690.7270498,-0.00592024577781558,-1.128699541091919,29.814350128173828,20.036760330200195,-2.2192368476225965e-07,-0.8758643269538879
1752862690.787092,-0.006031394936144352,-1.139015793800354,29.983854293823242,20.102922439575195,-2.1961440666018461e-07,-0.885291337966919
1752862690.849768,-0.006031394936144352,-1.139015793800354,29.983854293823242,20.16444206237793,-2.175080169308785e-07,-0.8941166400909424
1752862690.9162307,-0.0050819325260818005,-1.1481695175170898,30.154067993164062,20.226951599121094,-2.1555673868078884e-07,-0.9028939604759216
1752862690.9751127,-0.005545354448258877,-1.1605147123336792,30.33477020263672,20.27937126159668,-2.1418090057068184e-07,-0.9094483256340027
1752862691.0392103,-0.005545354448258877,-1.1605147123336792,30.33477020263672,20.328168869018555,-2.1312909836979088e-07,-0.9117104411125183
1752862691.102586,-0.0026747456286102533,-1.166370153427124,30.44788360595703,20.373260498046875,-2.1237951841612812e-07,-0.9116796851158142
1752862691.161849,-0.0023483627010136843,-1.1688892841339111,30.550018310546875,20.41261100769043,-2.1189472931837372e-07,-0.9108457565307617
1752862691.2255197,-0.0023483627010136843,-1.1688892841339111,30.550018310546875,20.45037841796875,-2.1151871010260948e-07,-0.9096412658691406
1752862691.2886765,-0.0031058769673109055,-1.1691876649856567,30.632875442504883,20.486024856567383,-2.1115251058745343e-07,-0.908234179019928
1752862691.3522775,-7.056452886899933e-05,-1.1695177555084229,30.700870513916016,20.516191482543945,-2.1071987532650382e-07,-0.9068340063095093
1752862691.4124095,-0.0008722934871912003,-1.1684833765029907,30.771305084228516,20.5439453125,-2.1022485441335448e-07,-0.9053254723548889
1752862691.4747686,-0.0008722934871912003,-1.1684833765029907,30.771305084228516,20.56563949584961,-2.0994653482375725e-07,-0.9039301872253418
1752862691.5395389,-0.0009999079629778862,-1.1700992584228516,30.833683013916016,20.585922241210938,-2.0999027583457064e-07,-0.90235435962677
1752862691.6009822,-0.0009999079629778862,-1.1700992584228516,30.833683013916016,20.60028839111328,-6.625036348850699e-06,-0.9009335041046143
1752862691.6650996,-0.00019749657076317817,-1.1666169166564941,30.880905151367188,20.613637924194336,-0.0009550301474519074,-0.9001111388206482
1752862691.726465,0.00783110223710537,-1.1937108039855957,30.91383171081543,20.623104095458984,-0.004600957967340946,-0.902237594127655
1752862691.7881866,0.020926423370838165,-1.2045001983642578,30.92779541015625,20.629188537597656,-0.011104070581495762,-0.9062746167182922
1752862691.849057,0.020926423370838165,-1.2045001983642578,30.92779541015625,20.63370132446289,-0.023115115240216255,-0.9124857187271118
1752862691.9129424,0.023537326604127884,-1.2118669748306274,30.94072723388672,20.63567352294922,-0.03922664374113083,-0.9190049767494202
1752862691.977458,0.01207706518471241,-1.2464057207107544,30.94590187072754,20.635555267333984,-0.06110118702054024,-0.925780177116394
1752862692.0403914,-0.003440448548644781,-1.2789257764816284,30.947574615478516,20.633832931518555,-0.08383172750473022,-0.9311944246292114
1752862692.1021311,-0.018974559381604195,-1.2837215662002563,30.943096160888672,20.630521774291992,-0.1116909384727478,-0.9363308548927307
1752862692.1654532,-0.018974559381604195,-1.2837215662002563,30.943096160888672,20.62491226196289,-0.14870184659957886,-0.9414351582527161
1752862692.2266202,-0.04408671706914902,-1.295318603515625,30.934412002563477,20.618305206298828,-0.18654519319534302,-0.9452742338180542
1752862692.2889283,-0.0772806778550148,-1.326214075088501,30.921667098999023,20.61121940612793,-0.22382548451423645,-0.9481068253517151
1752862692.3508177,-0.0772806778550148,-1.326214075088501,30.921667098999023,20.601200103759766,-0.27327486872673035,-0.9508351683616638
1752862692.4145346,-0.11926190555095673,-1.3315943479537964,30.901512145996094,20.590898513793945,-0.3216891288757324,-0.952692985534668
1752862692.4767108,-0.16107730567455292,-1.3350956439971924,30.882795333862305,20.578350067138672,-0.3784661293029785,-0.9541471600532532
1752862692.5383582,-0.16107730567455292,-1.3350956439971924,30.882795333862305,20.56591796875,-0.43304094672203064,-0.9550164341926575
1752862692.6020992,-0.21173469722270966,-1.3383761644363403,30.855566024780273,20.55327033996582,-0.4872969090938568,-0.955505907535553
1752862692.662423,-0.27032139897346497,-1.3455034494400024,30.823400497436523,20.53841209411621,-0.5497840046882629,-0.955730140209198
1752862692.7257092,-0.3309364914894104,-1.3499308824539185,30.791013717651367,20.524242401123047,-0.6084229946136475,-0.9556970000267029
1752862692.7897825,-0.3309364914894104,-1.3499308824539185,30.791013717651367,20.509408950805664,-0.668901801109314,-0.9554820656776428
1752862692.8521013,-0.3309364914894104,-1.3499308824539185,30.791013717651367,20.493139266967773,-0.7343946695327759,-0.9550980925559998
1752862692.9135554,-0.38001570105552673,-1.353550910949707,30.765901565551758,20.48052406311035,-0.7846550345420837,-0.9547247886657715
1752862692.9736161,-0.43316134810447693,-1.3559088706970215,30.734163284301758,20.46053695678711,-0.8634678721427917,-0.9540414810180664
1752862693.0404813,-0.5030730962753296,-1.3550450801849365,30.694007873535156,20.442575454711914,-0.9335805773735046,-0.9533646106719971
1752862693.0991974,-0.5799885988235474,-1.3589842319488525,30.649723052978516,20.42597198486328,-0.9978306889533997,-0.9527076482772827
1752862693.1640203,-0.5799885988235474,-1.3589842319488525,30.649723052978516,20.4051570892334,-1.0777117013931274,-0.951862633228302
1752862693.2274199,-0.6526381969451904,-1.3618251085281372,30.607465744018555,20.385772705078125,-1.1515119075775146,-0.9510684609413147
1752862693.287669,-0.7277647256851196,-1.3621541261672974,30.5621280670166,20.36897087097168,-1.2150516510009766,-0.9503831267356873
1752862693.35044,-0.7915285229682922,-1.3630897998809814,30.523937225341797,20.345796585083008,-1.3020997047424316,-0.9494510293006897
1752862693.4140463,-0.7915285229682922,-1.3630897998809814,30.523937225341797,20.32732391357422,-1.3710198402404785,-0.9487243294715881
1752862693.4757614,-0.8523826003074646,-1.3642910718917847,30.488195419311523,20.3054256439209,-1.4522303342819214,-0.9478855133056641
1752862693.5380447,-0.9170078635215759,-1.3684642314910889,30.446603775024414,20.287439346313477,-1.518553376197815,-0.9472171068191528
1752862693.6008708,-0.9170078635215759,-1.3684642314910889,30.446603775024414,20.26491928100586,-1.6011384725570679,-0.9464077353477478
1752862693.6625624,-1.0093947649002075,-1.3731117248535156,30.391109466552734,20.242084503173828,-1.6843856573104858,-0.9456194639205933
1752862693.7244534,-1.0754368305206299,-1.3753514289855957,30.34963607788086,20.221166610717773,-1.7602225542068481,-0.9449259638786316
1752862693.787162,-1.1536086797714233,-1.381093978881836,30.30213165283203,20.198894500732422,-1.840535044670105,-0.9442178010940552
1752862693.8493261,-1.1536086797714233,-1.381093978881836,30.30213165283203,20.175241470336914,-1.9253488779067993,-0.9434984922409058
1752862693.9131835,-1.240241289138794,-1.3843382596969604,30.247352600097656,20.15361213684082,-2.002474069595337,-0.942870020866394
1752862693.975427,-1.240241289138794,-1.3843382596969604,30.247352600097656,20.13177490234375,-2.0799217224121094,-0.9421690106391907
1752862694.0367892,-1.312301516532898,-1.38731849193573,30.20585823059082,20.111101150512695,-2.1528542041778564,-0.9420238137245178
1752862694.0995576,-1.3938616514205933,-1.4002207517623901,30.150497436523438,20.087543487548828,-2.2356338500976562,-0.9449712038040161
1752862694.161873,-1.4682655334472656,-1.4117929935455322,30.097877502441406,20.06603240966797,-2.3109984397888184,-0.9506314396858215
1752862694.2244337,-1.4682655334472656,-1.4117929935455322,30.097877502441406,20.04463768005371,-2.3858091831207275,-0.9584195613861084
1752862694.286318,-1.542004942893982,-1.4248111248016357,30.051502227783203,20.026416778564453,-2.449429512023926,-0.9661885499954224
1752862694.3526673,-1.6134926080703735,-1.4366532564163208,30.007591247558594,20.00843048095703,-2.512160301208496,-0.974436342716217
1752862694.411944,-1.668156385421753,-1.4439111948013306,29.964305877685547,19.990053176879883,-2.5762083530426025,-0.98307865858078
1752862694.4725509,-1.668156385421753,-1.4439111948013306,29.964305877685547,19.976837158203125,-2.6222481727600098,-0.9892414808273315
1752862694.533671,-1.731926441192627,-1.460013747215271,29.923452377319336,19.960956573486328,-2.6775500774383545,-0.9964118599891663
1752862694.5982115,-1.7797210216522217,-1.4678975343704224,29.893253326416016,19.947587966918945,-2.724095106124878,-0.9997286200523376
1752862694.6571863,-1.8269492387771606,-1.4703375101089478,29.87223243713379,19.936981201171875,-2.7610087394714355,-1.0000091791152954
1752862694.72147,-1.8269492387771606,-1.4703375101089478,29.87223243713379,19.92487335205078,-2.80314040184021,-0.9991456270217896
1752862694.7843015,-1.8649471998214722,-1.4747544527053833,29.845794677734375,19.913366317749023,-2.8431553840637207,-0.9977332949638367
1752862694.8452258,-1.9073735475540161,-1.4763849973678589,29.81580924987793,19.90350341796875,-2.877440929412842,-0.9962447881698608
1752862694.9079263,-1.9073735475540161,-1.4763849973678589,29.81580924987793,19.89511489868164,-2.9065752029418945,-0.9948006272315979
1752862694.9690592,-1.9347717761993408,-1.4763996601104736,29.801715850830078,19.887697219848633,-2.932314157485962,-0.993355929851532
1752862695.033945,-1.9645096063613892,-1.4734903573989868,29.787899017333984,19.880937576293945,-2.9557363986968994,-0.9918398857116699
1752862695.0934854,-1.982250690460205,-1.473829746246338,29.77223777770996,19.87596893310547,-2.972923517227173,-0.9905373454093933
1752862695.1564684,-1.982250690460205,-1.473829746246338,29.77223777770996,19.871112823486328,-2.9896745681762695,-0.9890168309211731
1752862695.2206109,-2.0056443214416504,-1.4749078750610352,29.761823654174805,19.867237091064453,-3.0028982162475586,-0.9906010031700134
1752862695.2828846,-2.0202324390411377,-1.4750884771347046,29.744766235351562,19.865190505981445,-3.00958251953125,-0.9960723519325256
1752862695.3447077,-2.0202324390411377,-1.4750884771347046,29.744766235351562,19.864580154418945,-3.012104034423828,-1.0010063648223877
1752862695.4052813,-2.0363094806671143,-1.4838236570358276,29.732620239257812,19.86688804626465,-3.0109050273895264,-1.0055092573165894
1752862695.4706452,-2.0369458198547363,-1.5975110530853271,29.778268814086914,19.87367057800293,-3.006439685821533,-1.0114402770996094
1752862695.5319142,-2.038508176803589,-1.5875149965286255,29.784212112426758,19.88286781311035,-3.000964641571045,-1.0169295072555542
1752862695.5939813,-2.038508176803589,-1.5875149965286255,29.784212112426758,19.898120880126953,-2.992877960205078,-1.0236512422561646
1752862695.6572587,-2.047701358795166,-1.5633935928344727,29.802875518798828,19.919321060180664,-2.982891798019409,-1.0305086374282837
1752862695.7190328,-2.044363021850586,-1.5713258981704712,29.837827682495117,19.94434928894043,-2.9722707271575928,-1.0365160703659058
1752862695.7809007,-2.044363021850586,-1.5713258981704712,29.837827682495117,19.973934173583984,-2.9607956409454346,-1.0418365001678467
1752862695.8438854,-2.0356249809265137,-1.574722170829773,29.903717041015625,20.006074905395508,-2.9492592811584473,-1.0461920499801636
1752862695.90735,-2.019768714904785,-1.5711613893508911,29.967538833618164,20.039966583251953,-2.937868356704712,-1.0496904850006104
1752862695.9689398,-2.019768714904785,-1.5711613893508911,29.967538833618164,20.087862014770508,-2.9227824211120605,-1.0533183813095093
1752862696.0340245,-1.9962948560714722,-1.5688083171844482,30.037485122680664,20.135799407958984,-2.908592700958252,-1.055881142616272
1752862696.0938065,-1.9713164567947388,-1.5608223676681519,30.13052749633789,20.17234230041504,-2.8982603549957275,-1.05732262134552
1752862696.1560268,-1.9713164567947388,-1.5608223676681519,30.13052749633789,20.229156494140625,-2.8828651905059814,-1.0589256286621094
1752862696.2188182,-1.9558160305023193,-1.5604554414749146,30.22705078125,20.281112670898438,-2.869385242462158,-1.059889316558838
1752862696.2812042,-1.9444122314453125,-1.5485948324203491,30.35191535949707,20.344350814819336,-2.8536131381988525,-1.060596227645874
1752862696.3425074,-1.9444122314453125,-1.5485948324203491,30.35191535949707,20.404481887817383,-2.8391592502593994,-1.060921549797058
1752862696.4045653,-1.9295055866241455,-1.524637222290039,30.476364135742188,20.463754653930664,-2.8253560066223145,-1.0610016584396362
1752862696.463586,-1.9295055866241455,-1.524637222290039,30.476364135742188,20.51517105102539,-2.8136937618255615,-1.060925006866455
1752862696.5266333,-1.9045802354812622,-1.450903296470642,30.532947540283203,20.581239700317383,-2.799086332321167,-1.060679316520691
1752862696.5909822,-1.8865214586257935,-1.4252774715423584,30.673391342163086,20.65949249267578,-2.7822728157043457,-1.0602319240570068
1752862696.6527169,-1.871930718421936,-1.4141731262207031,30.823341369628906,20.729345321655273,-2.767659902572632,-1.0597327947616577
1752862696.7158546,-1.8579108715057373,-1.3988895416259766,30.966066360473633,20.807964324951172,-2.7516136169433594,-1.0590953826904297
1752862696.7774189,-1.8454906940460205,-1.3926903009414673,31.096996307373047,20.88090705871582,-2.7370684146881104,-1.0584577322006226
1752862696.8407738,-1.8454906940460205,-1.3926903009414673,31.096996307373047,20.955135345458984,-2.7225759029388428,-1.0577811002731323
1752862696.9085445,-1.8260589838027954,-1.3792734146118164,31.236635208129883,21.03815460205078,-2.7067108154296875,-1.0570080280303955
1752862696.9659328,-1.8058685064315796,-1.3627843856811523,31.380245208740234,21.1070499420166,-2.693798780441284,-1.056362271308899
1752862697.027801,-1.7897919416427612,-1.3527811765670776,31.529531478881836,21.17286491394043,-2.6816678047180176,-1.0557483434677124
1752862697.091647,-1.7897919416427612,-1.3527811765670776,31.529531478881836,21.266908645629883,-2.6646602153778076,-1.0548826456069946
1752862697.1523683,-1.781267523765564,-1.3430142402648926,31.66553497314453,21.33028221130371,-2.6534063816070557,-1.0543104410171509
1752862697.2138,-1.781267523765564,-1.3430142402648926,31.66553497314453,21.418237686157227,-2.638051748275757,-1.0535346269607544
1752862697.2761972,-1.781267523765564,-1.3430142402648926,31.66553497314453,21.4908390045166,-2.6255998611450195,-1.0529128313064575
1752862697.338763,-1.7728952169418335,-1.3268579244613647,31.813247680664062,21.580303192138672,-2.610527515411377,-1.0521708726882935
1752862697.4006371,-1.7561140060424805,-1.3160555362701416,31.985815048217773,21.66226577758789,-2.5969765186309814,-1.0515161752700806
1752862697.4619417,-1.7500799894332886,-1.3005069494247437,32.13405990600586,21.74478530883789,-2.5835790634155273,-1.0508815050125122
1752862697.5267088,-1.7433897256851196,-1.2779209613800049,32.31791305541992,21.82781219482422,-2.570347785949707,-1.0502687692642212
1752862697.5896692,-1.7157706022262573,-1.260278582572937,32.525814056396484,21.915496826171875,-2.5566470623016357,-1.0496493577957153
1752862697.6542845,-1.7157706022262573,-1.260278582572937,32.525814056396484,22.0036563873291,-2.543164014816284,-1.0490559339523315
1752862697.7169797,-1.7056984901428223,-1.2463762760162354,32.72144317626953,22.08794403076172,-2.530548572540283,-1.048348307609558
1752862697.7748613,-1.6991223096847534,-1.2201730012893677,32.983585357666016,22.167020797729492,-2.5189170837402344,-1.0491271018981934
1752862697.838177,-1.6991223096847534,-1.2201730012893677,32.983585357666016,22.24363136291504,-2.5077905654907227,-1.0528123378753662
1752862697.901102,-1.6697556972503662,-0.8876967430114746,33.19975662231445,22.32810401916504,-2.4956374168395996,-1.059926152229309
1752862697.9630384,-1.6045817136764526,-0.8454785943031311,33.39457702636719,22.39690399169922,-2.4858055114746094,-1.0674697160720825
1752862698.026349,-1.6045817136764526,-0.8454785943031311,33.39457702636719,22.46824073791504,-2.475656270980835,-1.076341986656189
1752862698.0879998,-1.6485329866409302,-0.7906490564346313,33.571414947509766,22.534618377685547,-2.4662437438964844,-1.0850896835327148
1752862698.1493292,-1.6485329866409302,-0.7906490564346313,33.571414947509766,22.590478897094727,-2.4583382606506348,-1.0925331115722656
1752862698.2095664,-1.5703227519989014,-0.8162693381309509,33.826778411865234,22.645126342773438,-2.4506144523620605,-1.0996875762939453
1752862698.274105,-1.5703227519989014,-0.8162693381309509,33.826778411865234,22.695735931396484,-2.443467855453491,-1.1057757139205933
1752862698.3348534,-1.592969298362732,-0.8126504421234131,33.92945861816406,22.745092391967773,-2.4365010261535645,-1.1079344749450684
1752862698.3962195,-1.5821446180343628,-0.8034104704856873,34.02420425415039,22.784292221069336,-2.4309682846069336,-1.1077313423156738
1752862698.4596126,-1.5821446180343628,-0.8034104704856873,34.02420425415039,22.83013153076172,-2.424497127532959,-1.1065139770507812
1752862698.5216796,-1.6152781248092651,-0.8090004920959473,34.12809371948242,22.864408493041992,-2.4196550846099854,-1.1052300930023193
1752862698.5819442,-1.6133619546890259,-0.8250913023948669,34.21050262451172,22.89546775817871,-2.415264368057251,-1.103873610496521
1752862698.6448798,-1.6133619546890259,-0.8250913023948669,34.21050262451172,22.92879295349121,-2.410545587539673,-1.1022106409072876
1752862698.7069578,-1.6038103103637695,-0.8045423626899719,34.27312469482422,22.952836990356445,-2.407133102416992,-1.1008358001708984
1752862698.769259,-1.6009418964385986,-0.7923607230186462,34.33094787597656,22.973779678344727,-2.4041523933410645,-1.099457859992981
1752862698.8305714,-1.5896271467208862,-0.8046682476997375,34.37722396850586,22.99336814880371,-2.4013521671295166,-1.0979276895523071
1752862698.893925,-1.5896271467208862,-0.8046682476997375,34.37722396850586,23.00655174255371,-2.399456739425659,-1.0967034101486206
1752862698.9542744,-1.5891330242156982,-0.8113915920257568,34.420997619628906,23.019960403442383,-2.3975510597229004,-1.098680019378662
1752862699.0186908,-1.593246340751648,-0.8149622082710266,34.4485969543457,23.026395797729492,-2.396789073944092,-1.1051028966903687
1752862699.0799007,-1.6002051830291748,-0.7394017577171326,34.50146484375,23.0269718170166,-2.3970351219177246,-1.112995982170105
1752862699.1419148,-1.6002051830291748,-0.7394017577171326,34.50146484375,23.02207374572754,-2.3982994556427,-1.1221307516098022
1752862699.2061837,-1.5417853593826294,-0.6546069383621216,34.54582595825195,23.01224136352539,-2.4004604816436768,-1.1307859420776367
1752862699.2663867,-1.5684983730316162,-0.6238602995872498,34.545257568359375,22.995662689208984,-2.4039177894592285,-1.1397476196289062
1752862699.3285842,-1.5571469068527222,-0.6699369549751282,34.502891540527344,22.97452163696289,-2.408220052719116,-1.1473878622055054
1752862699.3906226,-1.5571469068527222,-0.6699369549751282,34.502891540527344,22.94841194152832,-2.4134607315063477,-1.1540255546569824
1752862699.4519715,-1.5571469068527222,-0.6699369549751282,34.502891540527344,22.919994354248047,-2.419119119644165,-1.155029296875
1752862699.5135942,-1.5654200315475464,-0.6833681464195251,34.46147155761719,22.88619041442871,-2.425813913345337,-1.1507244110107422
1752862699.5754402,-1.6263080835342407,-0.7712801098823547,34.379188537597656,22.85453987121582,-2.432060956954956,-1.146532654762268
1752862699.6376216,-1.6263080835342407,-0.7712801098823547,34.379188537597656,22.819564819335938,-2.4389519691467285,-1.1428583860397339
1752862699.7015204,-1.5974730253219604,-1.1852552890777588,34.23894119262695,22.78703498840332,-2.4453539848327637,-1.1403415203094482
1752862699.7644114,-1.6235547065734863,-1.4587467908859253,34.17020797729492,22.75577163696289,-2.451505422592163,-1.1385548114776611
1752862699.826436,-1.6157242059707642,-1.5203030109405518,34.117149353027344,22.72462272644043,-2.4576334953308105,-1.1372019052505493
1752862699.8882163,-1.5965343713760376,-1.5812788009643555,34.047882080078125,22.702152252197266,-2.46205472946167,-1.1363959312438965
1752862699.9506924,-1.5965343713760376,-1.5812788009643555,34.047882080078125,22.67183494567871,-2.4680209159851074,-1.13542640209198
1752862700.019006,-1.609703540802002,-1.534096598625183,33.97929382324219,22.648550033569336,-2.4726061820983887,-1.1342426538467407
1752862700.073716,-1.5922333002090454,-1.5527539253234863,33.92384719848633,22.624540328979492,-2.477334499359131,-1.1308693885803223
1752862700.137457,-1.6013782024383545,-1.531710147857666,33.87094497680664,22.606483459472656,-2.480891227722168,-1.1277446746826172
1752862700.2009234,-1.6013782024383545,-1.531710147857666,33.87094497680664,22.584985733032227,-2.485128164291382,-1.1239843368530273
1752862700.2640247,-1.6145285367965698,-1.5095889568328857,33.82964324951172,22.567279815673828,-2.4886200428009033,-1.1210474967956543
1752862700.325256,-1.6085275411605835,-1.5363541841506958,33.790035247802734,22.550565719604492,-2.491917848587036,-1.1184743642807007
1752862700.3880544,-1.5978909730911255,-1.5218122005462646,33.754878997802734,22.536439895629883,-2.4947092533111572,-1.11646568775177
1752862700.451027,-1.5978909730911255,-1.5218122005462646,33.754878997802734,22.523466110229492,-2.497276782989502,-1.114758014678955
1752862700.5161984,-1.575900912284851,-1.49817955493927,33.72119140625,22.512855529785156,-2.499380111694336,-1.1134583950042725
1752862700.5752175,-1.6079235076904297,-1.5200270414352417,33.69795227050781,22.503925323486328,-2.501155376434326,-1.112428069114685
1752862700.63796,-1.609668493270874,-1.4764221906661987,33.6696891784668,22.49662971496582,-2.5025973320007324,-1.1114097833633423
1752862700.701491,-1.609668493270874,-1.4764221906661987,33.6696891784668,22.490995407104492,-2.5027825832366943,-1.1108002662658691
1752862700.7617152,-1.6018036603927612,-1.527854084968567,33.66973876953125,22.488309860229492,-2.5005061626434326,-1.112704873085022
1752862700.8245697,-1.6691453456878662,-1.6503236293792725,33.6667366027832,22.487905502319336,-2.494063377380371,-1.1174261569976807
1752862700.8869476,-1.5980830192565918,-1.7241724729537964,33.681034088134766,22.49028778076172,-2.4836840629577637,-1.1233932971954346
1752862700.9487886,-1.5980830192565918,-1.7241724729537964,33.681034088134766,22.494394302368164,-2.471473217010498,-1.1289057731628418
1752862701.011779,-1.5894113779067993,-1.7184089422225952,33.68448257446289,22.50288963317871,-2.449986696243286,-1.1362863779067993
1752862701.073093,-1.5907858610153198,-1.68552565574646,33.6843376159668,22.512908935546875,-2.4267542362213135,-1.1422146558761597
1752862701.1362958,-1.5522741079330444,-1.6553696393966675,33.69158172607422,22.523910522460938,-2.4023540019989014,-1.1469764709472656
1752862701.1986136,-1.5522741079330444,-1.6553696393966675,33.69158172607422,22.53668975830078,-2.374786376953125,-1.1511282920837402
1752862701.2671196,-1.5523658990859985,-1.6343257427215576,33.72322082519531,22.54779815673828,-2.3512492179870605,-1.1539274454116821
1752862701.3237271,-1.5523658990859985,-1.6343257427215576,33.72322082519531,22.560781478881836,-2.3240883350372314,-1.1565206050872803
1752862701.3876643,-1.5633864402770996,-1.5930368900299072,33.7412223815918,22.58272933959961,-2.2787463665008545,-1.1597325801849365
1752862701.4483252,-1.552488923072815,-1.6061698198318481,33.76847839355469,22.603694915771484,-2.235912322998047,-1.1618456840515137
1752862701.513091,-1.461674451828003,-1.6034072637557983,33.8160400390625,22.625112533569336,-2.192493200302124,-1.1633414030075073
1752862701.5743103,-1.461674451828003,-1.6034072637557983,33.8160400390625,22.650360107421875,-2.1416351795196533,-1.1644965410232544
1752862701.6358476,-1.461674451828003,-1.6034072637557983,33.8160400390625,22.675838470458984,-2.090606689453125,-1.1651852130889893
1752862701.6994202,-1.4922049045562744,-1.5463237762451172,33.84226989746094,22.70124053955078,-2.0399653911590576,-1.165527582168579
1752862701.7627254,-1.5104050636291504,-1.4796589612960815,33.87089157104492,22.730560302734375,-1.981731653213501,-1.1656136512756348
1752862701.8231924,-1.3825984001159668,-1.5989022254943848,33.95661544799805,22.756654739379883,-1.9300724267959595,-1.1654870510101318
1752862701.8850346,-1.3322001695632935,-1.6008238792419434,34.01998519897461,22.78813934326172,-1.8679313659667969,-1.1651517152786255
1752862701.9469285,-1.348663091659546,-1.5738070011138916,34.06200408935547,22.8190860748291,-1.8070255517959595,-1.1646831035614014
1752862702.0107608,-1.2825045585632324,-1.5532859563827515,34.12798309326172,22.847681045532227,-1.7508885860443115,-1.1641645431518555
1752862702.0724719,-1.2825045585632324,-1.5532859563827515,34.12798309326172,22.880199432373047,-1.6871637105941772,-1.1635055541992188
1752862702.1345315,-1.2332192659378052,-1.5366288423538208,34.18993377685547,22.915145874023438,-1.618848204612732,-1.1627439260482788
1752862702.1949933,-1.14931321144104,-1.465480089187622,34.25100326538086,22.945697784423828,-1.5592418909072876,-1.162050724029541
1752862702.258104,-1.14931321144104,-1.465480089187622,34.25100326538086,22.98198127746582,-1.4885796308517456,-1.1612107753753662
1752862702.3219204,-1.0781205892562866,-1.4161499738693237,34.31552505493164,23.01889991760254,-1.4168120622634888,-1.160351276397705
1752862702.386662,-0.9896519780158997,-1.3578886985778809,34.39237976074219,23.054603576660156,-1.3475253582000732,-1.159524917602539
1752862702.4480145,-0.9530509114265442,-1.3474657535552979,34.45859909057617,23.09079933166504,-1.2774044275283813,-1.158699631690979
1752862702.5088315,-0.9530509114265442,-1.3474657535552979,34.45859909057617,23.1256046295166,-1.2100825309753418,-1.157922387123108
1752862702.570862,-0.9025088548660278,-1.3254845142364502,34.51529312133789,23.16264533996582,-1.1385371685028076,-1.1571159362792969
1752862702.6328447,-0.7930189967155457,-1.3007967472076416,34.60715866088867,23.200077056884766,-1.066353678703308,-1.1563252210617065
1752862702.6940725,-0.7930189967155457,-1.3007967472076416,34.60715866088867,23.232181549072266,-1.0045382976531982,-1.1556676626205444
1752862702.757176,-0.7130756378173828,-1.2797858715057373,34.685096740722656,23.27408218383789,-0.9239699840545654,-1.1548389196395874
1752862702.8207102,-0.6666898131370544,-1.2523690462112427,34.752559661865234,23.310565948486328,-0.8539320230484009,-1.1539942026138306
1752862702.8851893,-0.5971081256866455,-1.2486735582351685,34.82304763793945,23.35068702697754,-0.7770689725875854,-1.1537972688674927
1752862702.9456325,-0.5045080184936523,-1.0700502395629883,34.90989303588867,23.3878116607666,-0.7060376405715942,-1.1566797494888306
1752862703.0085568,-0.5045080184936523,-1.0700502395629883,34.90989303588867,23.425058364868164,-0.6348356604576111,-1.1625059843063354
1752862703.0709178,-0.4213694632053375,-0.9041193127632141,34.99108123779297,23.456953048706055,-0.5738855600357056,-1.1692758798599243
1752862703.133559,-0.3532436788082123,-0.8602024912834167,35.062156677246094,23.48855972290039,-0.5135068297386169,-1.1770583391189575
1752862703.1965444,-0.3532436788082123,-0.8602024912834167,35.062156677246094,23.5152530670166,-0.46252426505088806,-1.184110164642334
1752862703.2555861,-0.2996753454208374,-0.8171625733375549,35.15587615966797,23.54029655456543,-0.41468778252601624,-1.1908855438232422
1752862703.3190396,-0.2996753454208374,-0.8171625733375549,35.15587615966797,23.567489624023438,-0.3627467751502991,-1.1981964111328125
1752862703.3796334,-0.23449495434761047,-0.8269476294517517,35.2174072265625,23.58912467956543,-0.3214147388935089,-1.2038475275039673
1752862703.4438097,-0.19559267163276672,-0.8251429796218872,35.274261474609375,23.607168197631836,-0.28692731261253357,-1.2072502374649048
1752862703.5053818,-0.19559267163276672,-0.8251429796218872,35.274261474609375,23.631332397460938,-0.24075673520565033,-1.2080166339874268
1752862703.5693758,-0.158015638589859,-0.8457232713699341,35.32349395751953,23.6514835357666,-0.2022409588098526,-1.2070890665054321
1752862703.6297767,-0.11655905097723007,-0.8757638931274414,35.37464141845703,23.669809341430664,-0.1672205626964569,-1.2056891918182373
1752862703.69276,-0.06880373507738113,-0.8563332557678223,35.41855239868164,23.685565948486328,-0.13709962368011475,-1.2042365074157715
1752862703.7574546,-0.06880373507738113,-0.8563332557678223,35.41855239868164,23.700345993041992,-0.10883639007806778,-1.2026959657669067
1752862703.8184307,-0.06880373507738113,-0.8563332557678223,35.41855239868164,23.7127628326416,-0.0850883200764656,-1.201241135597229
1752862703.8821776,-0.039293088018894196,-0.8645166158676147,35.4508171081543,23.72307586669922,-0.06535398960113525,-1.1998714208602905
1752862703.9449246,-0.03166767582297325,-0.8638007044792175,35.48251724243164,23.73365592956543,-0.04508667811751366,-1.1982216835021973
1752862704.0108528,-0.017675474286079407,-0.8649823665618896,35.50449752807617,23.741546630859375,-0.029970521107316017,-1.1967095136642456
1752862704.0695307,0.002012923825532198,-0.8636415600776672,35.52191925048828,23.74635124206543,-0.020940499380230904,-1.1939812898635864
1752862704.1295445,0.002012923825532198,-0.8636415600776672,35.52191925048828,23.753583908081055,-0.010394764132797718,-1.1897351741790771
1752862704.1934924,0.013376615941524506,-0.8631159067153931,35.510414123535156,23.763334274291992,-0.00194576196372509,-1.188600778579712
1752862704.253668,0.014787310734391212,-0.8566740155220032,35.5038948059082,23.77332878112793,0.0033958950079977512,-1.1897858381271362
1752862704.3176432,0.014787310734391212,-0.8566740155220032,35.5038948059082,23.791332244873047,0.009559113532304764,-1.193334698677063
1752862704.3778334,0.013095983304083347,-0.8634858727455139,35.52882385253906,23.813446044921875,0.014456188306212425,-1.1977933645248413
1752862704.4387584,0.019336888566613197,-0.867473840713501,35.56357955932617,23.830917358398438,0.01729900948703289,-1.2009494304656982
1752862704.5007286,0.019336888566613197,-0.867473840713501,35.56357955932617,23.859628677368164,0.020885759964585304,-1.20536208152771
1752862704.5629299,0.02111941948533058,-0.8785468935966492,35.61073684692383,23.890893936157227,0.023864375427365303,-1.2092233896255493
1752862704.6248865,0.028057781979441643,-0.8833267688751221,35.6707763671875,23.9298038482666,0.026756972074508667,-1.2129557132720947
1752862704.6857798,0.03154446929693222,-0.8834577798843384,35.73456573486328,23.970903396606445,0.02918611280620098,-1.2159265279769897
1752862704.747606,0.03154446929693222,-0.8834577798843384,35.73456573486328,24.0180606842041,0.03144833818078041,-1.2184319496154785
1752862704.8114285,0.0371830016374588,-0.8835026025772095,35.8142204284668,24.064043045043945,0.03327645733952522,-1.2201881408691406
1752862704.8746986,0.03541030362248421,-0.8854660987854004,35.90349197387695,24.118289947509766,0.03508728742599487,-1.2216203212738037
1752862704.9367743,0.03996708244085312,-0.8862371444702148,35.99248504638672,24.167455673217773,0.03648482263088226,-1.222474455833435
1752862704.999682,0.03996708244085312,-0.8862371444702148,35.99248504638672,24.23063850402832,0.03802147135138512,-1.2231148481369019
1752862705.0618005,0.04230070114135742,-0.8880804181098938,36.097591400146484,24.28775405883789,0.03921281173825264,-1.2233648300170898
1752862705.1239378,0.04379279538989067,-0.8871315717697144,36.205989837646484,24.3470401763916,0.040291085839271545,-1.2233811616897583
1752862705.1851132,0.042756326496601105,-0.8892605304718018,36.341575622558594,24.40180206298828,0.04116859287023544,-1.2232308387756348
1752862705.2482646,0.04161801561713219,-0.8866623044013977,36.45999526977539,24.4782657623291,0.04223661869764328,-1.2228270769119263
1752862705.3122838,0.04161801561713219,-0.8866623044013977,36.45999526977539,24.55027198791504,0.04310300201177597,-1.222299337387085
1752862705.3746996,0.03949403390288353,-0.8881502747535706,36.584285736083984,24.617069244384766,0.04380560666322708,-1.2217214107513428
1752862705.4367564,0.039207108318805695,-0.8866420388221741,36.73862075805664,24.685306549072266,0.044437509030103683,-1.221071481704712
1752862705.498631,0.039207108318805695,-0.8866420388221741,36.73862075805664,24.758569717407227,0.04503245651721954,-1.2203292846679688
1752862705.563228,0.038975611329078674,-0.8845688700675964,36.874755859375,24.836942672729492,0.04558604210615158,-1.219504952430725
1752862705.6255274,0.03829433023929596,-0.8839500546455383,37.03758239746094,24.91667938232422,0.046072881668806076,-1.2186516523361206
1752862705.6901193,0.03697306290268898,-0.8834897875785828,37.18806838989258,24.997650146484375,0.046498626470565796,-1.217782735824585
1752862705.7524364,0.03750479593873024,-0.8818579912185669,37.332420349121094,25.071884155273438,0.04683542251586914,-1.2169922590255737
1752862705.8143132,0.03750479593873024,-0.8818579912185669,37.332420349121094,25.15094757080078,0.047144223004579544,-1.216163158416748
1752862705.8756354,0.0386444553732872,-0.8808526992797852,37.487571716308594,25.23086929321289,0.04740974307060242,-1.2153429985046387
1752862705.936875,0.0386444553732872,-0.8808526992797852,37.487571716308594,25.31157684326172,0.04763542115688324,-1.214536190032959
1752862706.0011275,0.0386444553732872,-0.8808526992797852,37.487571716308594,25.38892936706543,0.0478157214820385,-1.2137855291366577
1752862706.0637748,0.03786113113164902,-0.8795008063316345,37.660274505615234,25.47100067138672,0.0479724295437336,-1.2130142450332642
1752862706.126821,0.03736921027302742,-0.8739661574363708,38.003719329833984,25.537099838256836,0.04807509854435921,-1.2124125957489014
1752862706.1939602,0.03736921027302742,-0.8739661574363708,38.003719329833984,25.632747650146484,0.048190049827098846,-1.2115728855133057
1752862706.2542276,0.0377672053873539,-0.8733451962471008,38.172237396240234,25.716468811035156,0.048261117190122604,-1.2108674049377441
1752862706.3185802,0.037385791540145874,-0.8708028197288513,38.391258239746094,25.800662994384766,0.04830747842788696,-1.2101855278015137
1752862706.3778672,0.037385791540145874,-0.8708028197288513,38.391258239746094,25.8895263671875,0.048331692814826965,-1.209495186805725
1752862706.4423892,0.03626038879156113,-0.8686833381652832,38.5877571105957,25.97455596923828,0.0483333021402359,-1.208862066268921
1752862706.504658,0.03543589636683464,-0.866154670715332,38.74264144897461,26.06422233581543,0.048314254730939865,-1.2082221508026123
1752862706.5667143,0.03454592451453209,-0.8617091178894043,38.94189453125,26.14137077331543,0.04828231781721115,-1.2076934576034546
1752862706.6291108,0.03454592451453209,-0.8617091178894043,38.94189453125,26.231679916381836,0.04822825267910957,-1.2070989608764648
1752862706.6918848,0.03445938974618912,-0.8588587641716003,39.094329833984375,26.31797218322754,0.04816122353076935,-1.2065544128417969
1752862706.7556307,0.03514848276972771,-0.8572084307670593,39.292301177978516,26.404516220092773,0.04808022826910019,-1.206030249595642
1752862706.8216941,0.03514848276972771,-0.8572084307670593,39.292301177978516,26.486942291259766,0.04799133539199829,-1.2055505514144897
1752862706.8808813,0.03459418937563896,-0.855700671672821,39.478763580322266,26.56955909729004,0.04789167270064354,-1.205087661743164
1752862706.9432795,0.03349259868264198,-0.8532565832138062,39.676753997802734,26.66543960571289,0.04776386544108391,-1.2045716047286987
1752862707.0063093,0.03349259868264198,-0.8532565832138062,39.676753997802734,26.748416900634766,0.04764358326792717,-1.204142689704895
1752862707.069982,0.033111803233623505,-0.8508841395378113,39.83939743041992,26.827157974243164,0.04752183333039284,-1.203749656677246
1752862707.13192,0.032494913786649704,-0.8493805527687073,39.99980926513672,26.93233299255371,0.04734860733151436,-1.203244686126709
1752862707.1948776,0.03149781376123428,-0.8467782735824585,40.20134735107422,27.020132064819336,0.04719550535082817,-1.202839732170105
1752862707.2551644,0.03149781376123428,-0.8467782735824585,40.20134735107422,27.094852447509766,0.04705960303544998,-1.202506422996521
1752862707.3179746,0.03182240203022957,-0.8453270792961121,40.364688873291016,27.191673278808594,0.04687647894024849,-1.2020885944366455
1752862707.378367,0.030783915892243385,-0.8454014658927917,40.522239685058594,27.275394439697266,0.04671221971511841,-1.2017395496368408
1752862707.44095,0.030301785096526146,-0.8417280912399292,40.730262756347656,27.36361312866211,0.04653371125459671,-1.2013835906982422
1752862707.5043375,0.030301785096526146,-0.8417280912399292,40.730262756347656,27.45191764831543,0.046349868178367615,-1.2010383605957031
1752862707.5637958,0.03029761277139187,-0.8391072750091553,40.927494049072266,27.544721603393555,0.04615155607461929,-1.2006869316101074
1752862707.6268516,0.02993769943714142,-0.8364435434341431,41.12601089477539,27.628753662109375,0.04596783220767975,-1.2003779411315918
1752862707.6899421,0.02993769943714142,-0.8364435434341431,41.12601089477539,27.717275619506836,0.04577036574482918,-1.2000617980957031
1752862707.7617588,0.02821827493607998,-0.833189070224762,41.32107162475586,27.810287475585938,0.04555889591574669,-1.19973886013031
1752862707.8160179,0.028182685375213623,-0.8322585225105286,41.49333953857422,27.89449119567871,0.04536418989300728,-1.1994541883468628
1752862707.8778853,0.025970451533794403,-0.8300567269325256,41.65729904174805,27.98761749267578,0.04514555260539055,-1.1991474628448486
1752862707.9403064,0.025970451533794403,-0.8300567269325256,41.65729904174805,28.07191276550293,0.044944871217012405,-1.1988766193389893
1752862708.0018253,0.02682238258421421,-0.8288370370864868,41.850303649902344,28.165130615234375,0.04472014680504799,-1.1985841989517212
1752862708.0642226,0.026045117527246475,-0.8282225131988525,42.01570129394531,28.2495059967041,0.04451439157128334,-1.1983256340026855
1752862708.1298122,0.026045117527246475,-0.8282225131988525,42.01570129394531,28.338354110717773,0.044295504689216614,-1.198058843612671
1752862708.1908662,0.026045117527246475,-0.8282225131988525,42.01570129394531,28.431678771972656,0.04406331852078438,-1.1977847814559937
1752862708.2526965,0.026169953867793083,-0.8209365606307983,42.418582916259766,28.52059555053711,0.04384012520313263,-1.1975289583206177
1752862708.3147645,0.026855312287807465,-0.818006694316864,42.59661865234375,28.605093002319336,0.04362638667225838,-1.1972901821136475
1752862708.3788598,0.026855312287807465,-0.818006694316864,42.59661865234375,28.689598083496094,0.04341110587120056,-1.1970558166503906
1752862708.4388764,0.025388021022081375,-0.817963182926178,42.77157211303711,28.778593063354492,0.04318293184041977,-1.1968131065368652
1752862708.5039606,0.02292964980006218,-0.8145573735237122,42.94839859008789,28.86313819885254,0.04296482354402542,-1.196586012840271
1752862708.5616214,0.02292964980006218,-0.8145573735237122,42.94839859008789,28.95662498474121,0.04272235184907913,-1.1963392496109009
1752862708.6244106,0.02259805239737034,-0.8114598989486694,43.15742492675781,29.050111770629883,0.042478516697883606,-1.1960960626602173
1752862708.6868887,0.021541936323046684,-0.8067605495452881,43.345096588134766,29.130271911621094,0.04226852208375931,-1.1958906650543213
1752862708.748274,0.021541936323046684,-0.8067605495452881,43.345096588134766,29.223798751831055,0.042022455483675,-1.195654034614563
1752862708.8094254,0.02071811817586422,-0.8033928871154785,43.56175231933594,29.321781158447266,0.04176352918148041,-1.1954094171524048
1752862708.8718252,0.021547939628362656,-0.8026201128959656,43.74800491333008,29.393070220947266,0.041574545204639435,-1.1952338218688965
1752862708.9362252,0.021547939628362656,-0.8026201128959656,43.74800491333008,29.49555015563965,0.041301973164081573,-1.1949838399887085
1752862708.997498,0.019859757274389267,-0.799723744392395,43.9394645690918,29.589115142822266,0.04105224087834358,-1.194758415222168
1752862709.059859,0.01692042499780655,-0.7972850799560547,44.16093063354492,29.678245544433594,0.040813691914081573,-1.194546103477478
1752862709.121264,0.0180959589779377,-0.7962498664855957,44.35419464111328,29.767396926879883,0.04057452082633972,-1.1943359375
1752862709.188681,0.0180959589779377,-0.7962498664855957,44.35419464111328,29.85654640197754,0.04033477604389191,-1.1941275596618652
1752862709.2455575,0.01747957058250904,-0.7976911664009094,44.5290412902832,29.92340660095215,0.04015461727976799,-1.193972110748291
1752862709.3092394,0.015256054699420929,-0.7939162254333496,44.742088317871094,30.02593231201172,0.03987784683704376,-1.1937363147735596
1752862709.371791,0.015256054699420929,-0.7939162254333496,44.742088317871094,30.123998641967773,0.039612554013729095,-1.1935127973556519
1752862709.4350274,0.015428952872753143,-0.7909603714942932,44.951087951660156,30.21318244934082,0.039370954036712646,-1.1933106184005737
1752862709.495635,0.0161599088460207,-0.787919819355011,45.11564254760742,30.28899383544922,0.039165299385786057,-1.1931405067443848
1752862709.5596368,0.0161599088460207,-0.787919819355011,45.11564254760742,30.38709831237793,0.03889879584312439,-1.1929211616516113
1752862709.6223812,0.016210457310080528,-0.7853658199310303,45.28203582763672,30.48074722290039,0.038644060492515564,-1.1927133798599243
1752862709.6853497,0.014850138686597347,-0.7850522398948669,45.4753303527832,30.57439422607422,0.03838900849223137,-1.1925065517425537
1752862709.7469723,0.014850138686597347,-0.7850522398948669,45.4753303527832,30.6546630859375,0.03817017376422882,-1.1923307180404663
1752862709.8096719,0.014743207022547722,-0.781306803226471,45.709632873535156,30.75276756286621,0.03790245205163956,-1.1921160221099854
1752862709.8694062,0.014676203951239586,-0.7794535160064697,45.8769645690918,30.82857894897461,0.037695400416851044,-1.191951870918274
1752862709.9321647,0.012882537208497524,-0.7757988572120667,46.07926559448242,30.91330909729004,0.037463828921318054,-1.1917684078216553
1752862709.9956672,0.012882537208497524,-0.7757988572120667,46.07926559448242,31.015872955322266,0.03718329966068268,-1.1915470361709595
1752862710.0575793,0.012988693080842495,-0.7741267085075378,46.2371826171875,31.08722496032715,0.036988019943237305,-1.1913944482803345
1752862710.1200986,0.012988693080842495,-0.7741267085075378,46.2371826171875,31.189828872680664,0.03670715540647507,-1.191175103187561
1752862710.1820426,0.012628364376723766,-0.7712156772613525,46.45612716674805,31.270132064819336,0.036487236618995667,-1.191003441810608
1752862710.2428074,0.010771963745355606,-0.7683916091918945,46.65412139892578,31.34589195251465,0.036279696971178055,-1.1880589723587036
1752862710.3060417,0.011596775613725185,-0.7671716809272766,46.817562103271484,31.433738708496094,0.036039259284734726,-1.1805474758148193
1752862710.3671868,0.011596775613725185,-0.7671716809272766,46.817562103271484,31.526805877685547,0.03578435629606247,-1.1737046241760254
